content_hash,bookmaker,phase,market,selection,line,price
5c3719293dedde0d150af01015f503f7,bet365,open,1x2,away,,5.5
5c3719293dedde0d150af01015f503f7,bet365,open,1x2,draw,,5.0
5c3719293dedde0d150af01015f503f7,bet365,open,1x2,home,,1.48
5c3719293dedde0d150af01015f503f7,bet365,open,asian_handicap,away,1.25,1.9
5c3719293dedde0d150af01015f503f7,bet365,open,asian_handicap,home,-1.25,1.95
5c3719293dedde0d150af01015f503f7,bet365,open,total_goals,over,2.5,1.36
5c3719293dedde0d150af01015f503f7,bet365,open,total_goals,under,2.5,3.2
5c3719293dedde0d150af01015f503f7,bet_and_win,open,1x2,away,,5.5
5c3719293dedde0d150af01015f503f7,bet_and_win,open,1x2,draw,,5.0
5c3719293dedde0d150af01015f503f7,bet_and_win,open,1x2,home,,1.49
5c3719293dedde0d150af01015f503f7,betfair_exchange,open,1x2,away,,6.4
5c3719293dedde0d150af01015f503f7,betfair_exchange,open,1x2,draw,,5.2
5c3719293dedde0d150af01015f503f7,betfair_exchange,open,1x2,home,,1.53
5c3719293dedde0d150af01015f503f7,betfair_exchange,open,asian_handicap,away,1.25,1.91
5c3719293dedde0d150af01015f503f7,betfair_exchange,open,asian_handicap,home,-1.25,2.05
5c3719293dedde0d150af01015f503f7,betfair_exchange,open,total_goals,over,2.5,1.4
5c3719293dedde0d150af01015f503f7,betfair_exchange,open,total_goals,under,2.5,3.4
5c3719293dedde0d150af01015f503f7,betfred,open,1x2,away,,6.0
5c3719293dedde0d150af01015f503f7,betfred,open,1x2,draw,,5.0
5c3719293dedde0d150af01015f503f7,betfred,open,1x2,home,,1.44
5c3719293dedde0d150af01015f503f7,betvictor,open,1x2,away,,5.75
5c3719293dedde0d150af01015f503f7,betvictor,open,1x2,draw,,5.0
5c3719293dedde0d150af01015f503f7,betvictor,open,1x2,home,,1.45
5c3719293dedde0d150af01015f503f7,market_avg,open,1x2,away,,5.61
5c3719293dedde0d150af01015f503f7,market_avg,open,1x2,draw,,4.98
5c3719293dedde0d150af01015f503f7,market_avg,open,1x2,home,,1.46
5c3719293dedde0d150af01015f503f7,market_avg,open,asian_handicap,away,1.25,1.82
5c3719293dedde0d150af01015f503f7,market_avg,open,asian_handicap,home,-1.25,1.92
5c3719293dedde0d150af01015f503f7,market_avg,open,total_goals,over,2.5,1.35
5c3719293dedde0d150af01015f503f7,market_avg,open,total_goals,under,2.5,3.11
5c3719293dedde0d150af01015f503f7,market_max,open,1x2,away,,6.0
5c3719293dedde0d150af01015f503f7,market_max,open,1x2,draw,,5.0
5c3719293dedde0d150af01015f503f7,market_max,open,1x2,home,,1.49
5c3719293dedde0d150af01015f503f7,market_max,open,asian_handicap,away,1.25,1.9
5c3719293dedde0d150af01015f503f7,market_max,open,asian_handicap,home,-1.25,1.95
5c3719293dedde0d150af01015f503f7,market_max,open,total_goals,over,2.5,1.38
5c3719293dedde0d150af01015f503f7,market_max,open,total_goals,under,2.5,3.3
5c3719293dedde0d150af01015f503f7,paddy_power,open,1x2,away,,5.5
5c3719293dedde0d150af01015f503f7,paddy_power,open,1x2,draw,,4.75
5c3719293dedde0d150af01015f503f7,paddy_power,open,1x2,home,,1.44
5c3719293dedde0d150af01015f503f7,skybet,open,1x2,away,,5.5
5c3719293dedde0d150af01015f503f7,skybet,open,1x2,draw,,5.0
5c3719293dedde0d150af01015f503f7,skybet,open,1x2,home,,1.44
0ae5756896f637de791dd73e8af57477,bet365,open,1x2,away,,1.5
0ae5756896f637de791dd73e8af57477,bet365,open,1x2,draw,,4.75
0ae5756896f637de791dd73e8af57477,bet365,open,1x2,home,,5.25
0ae5756896f637de791dd73e8af57477,bet365,open,asian_handicap,away,-1.25,2.05
0ae5756896f637de791dd73e8af57477,bet365,open,asian_handicap,home,1.25,1.8
0ae5756896f637de791dd73e8af57477,bet365,open,total_goals,over,2.5,1.4
0ae5756896f637de791dd73e8af57477,bet365,open,total_goals,under,2.5,3.0
0ae5756896f637de791dd73e8af57477,bet_and_win,open,1x2,away,,1.53
0ae5756896f637de791dd73e8af57477,bet_and_win,open,1x2,draw,,4.8
0ae5756896f637de791dd73e8af57477,bet_and_win,open,1x2,home,,5.0
0ae5756896f637de791dd73e8af57477,betfair_exchange,open,1x2,away,,1.54
0ae5756896f637de791dd73e8af57477,betfair_exchange,open,1x2,draw,,5.2
0ae5756896f637de791dd73e8af57477,betfair_exchange,open,1x2,home,,6.2
0ae5756896f637de791dd73e8af57477,betfair_exchange,open,asian_handicap,away,-1.25,2.09
0ae5756896f637de791dd73e8af57477,betfair_exchange,open,asian_handicap,home,1.25,1.88
0ae5756896f637de791dd73e8af57477,betfair_exchange,open,total_goals,over,2.5,1.44
0ae5756896f637de791dd73e8af57477,betfair_exchange,open,total_goals,under,2.5,3.2
0ae5756896f637de791dd73e8af57477,betfred,open,1x2,away,,1.5
0ae5756896f637de791dd73e8af57477,betfred,open,1x2,draw,,5.0
0ae5756896f637de791dd73e8af57477,betfred,open,1x2,home,,5.5
0ae5756896f637de791dd73e8af57477,betvictor,open,1x2,away,,1.5
0ae5756896f637de791dd73e8af57477,betvictor,open,1x2,draw,,4.8
0ae5756896f637de791dd73e8af57477,betvictor,open,1x2,home,,5.75
0ae5756896f637de791dd73e8af57477,market_avg,open,1x2,away,,1.5
0ae5756896f637de791dd73e8af57477,market_avg,open,1x2,draw,,4.8
0ae5756896f637de791dd73e8af57477,market_avg,open,1x2,home,,5.48
0ae5756896f637de791dd73e8af57477,market_avg,open,asian_handicap,away,-1.25,1.99
0ae5756896f637de791dd73e8af57477,market_avg,open,asian_handicap,home,1.25,1.77
0ae5756896f637de791dd73e8af57477,market_avg,open,total_goals,over,2.5,1.37
0ae5756896f637de791dd73e8af57477,market_avg,open,total_goals,under,2.5,2.99
0ae5756896f637de791dd73e8af57477,market_max,open,1x2,away,,1.54
0ae5756896f637de791dd73e8af57477,market_max,open,1x2,draw,,5.0
0ae5756896f637de791dd73e8af57477,market_max,open,1x2,home,,5.8
0ae5756896f637de791dd73e8af57477,market_max,open,asian_handicap,away,-1.25,2.08
0ae5756896f637de791dd73e8af57477,market_max,open,asian_handicap,home,1.25,1.8
0ae5756896f637de791dd73e8af57477,market_max,open,total_goals,over,2.5,1.42
0ae5756896f637de791dd73e8af57477,market_max,open,total_goals,under,2.5,3.1
0ae5756896f637de791dd73e8af57477,paddy_power,open,1x2,away,,1.44
0ae5756896f637de791dd73e8af57477,paddy_power,open,1x2,draw,,4.75
0ae5756896f637de791dd73e8af57477,paddy_power,open,1x2,home,,5.5
0ae5756896f637de791dd73e8af57477,skybet,open,1x2,away,,1.44
0ae5756896f637de791dd73e8af57477,skybet,open,1x2,draw,,5.0
0ae5756896f637de791dd73e8af57477,skybet,open,1x2,home,,5.5
50329c2642c8d37d3576090e0f30440c,bet365,open,1x2,away,,7.5
50329c2642c8d37d3576090e0f30440c,bet365,open,1x2,draw,,4.5
50329c2642c8d37d3576090e0f30440c,bet365,open,1x2,home,,1.42
50329c2642c8d37d3576090e0f30440c,bet365,open,asian_handicap,away,1.25,1.93
50329c2642c8d37d3576090e0f30440c,bet365,open,asian_handicap,home,-1.25,1.93
50329c2642c8d37d3576090e0f30440c,bet365,open,total_goals,over,2.5,1.62
50329c2642c8d37d3576090e0f30440c,bet365,open,total_goals,under,2.5,2.3
50329c2642c8d37d3576090e0f30440c,bet_and_win,open,1x2,away,,6.5
50329c2642c8d37d3576090e0f30440c,bet_and_win,open,1x2,draw,,4.6
50329c2642c8d37d3576090e0f30440c,bet_and_win,open,1x2,home,,1.46
50329c2642c8d37d3576090e0f30440c,betfair_exchange,open,1x2,away,,7.8
50329c2642c8d37d3576090e0f30440c,betfair_exchange,open,1x2,draw,,4.9
50329c2642c8d37d3576090e0f30440c,betfair_exchange,open,1x2,home,,1.49
50329c2642c8d37d3576090e0f30440c,betfair_exchange,open,asian_handicap,away,1.25,1.93
50329c2642c8d37d3576090e0f30440c,betfair_exchange,open,asian_handicap,home,-1.25,2.03
50329c2642c8d37d3576090e0f30440c,betfair_exchange,open,total_goals,over,2.5,1.67
50329c2642c8d37d3576090e0f30440c,betfair_exchange,open,total_goals,under,2.5,2.46
50329c2642c8d37d3576090e0f30440c,betfred,open,1x2,away,,7.5
50329c2642c8d37d3576090e0f30440c,betfred,open,1x2,draw,,4.6
50329c2642c8d37d3576090e0f30440c,betfred,open,1x2,home,,1.4
50329c2642c8d37d3576090e0f30440c,betvictor,open,1x2,away,,7.5
50329c2642c8d37d3576090e0f30440c,betvictor,open,1x2,draw,,4.75
50329c2642c8d37d3576090e0f30440c,betvictor,open,1x2,home,,1.4
50329c2642c8d37d3576090e0f30440c,market_avg,open,1x2,away,,7.12
50329c2642c8d37d3576090e0f30440c,market_avg,open,1x2,draw,,4.63
50329c2642c8d37d3576090e0f30440c,market_avg,open,1x2,home,,1.42
50329c2642c8d37d3576090e0f30440c,market_avg,open,asian_handicap,away,1.25,1.86
50329c2642c8d37d3576090e0f30440c,market_avg,open,asian_handicap,home,-1.25,1.89
50329c2642c8d37d3576090e0f30440c,market_avg,open,total_goals,over,2.5,1.61
50329c2642c8d37d3576090e0f30440c,market_avg,open,total_goals,under,2.5,2.25
50329c2642c8d37d3576090e0f30440c,market_max,open,1x2,away,,8.3
50329c2642c8d37d3576090e0f30440c,market_max,open,1x2,draw,,4.8
50329c2642c8d37d3576090e0f30440c,market_max,open,1x2,home,,1.46
50329c2642c8d37d3576090e0f30440c,market_max,open,asian_handicap,away,1.25,1.93
50329c2642c8d37d3576090e0f30440c,market_max,open,asian_handicap,home,-1.25,1.93
50329c2642c8d37d3576090e0f30440c,market_max,open,total_goals,over,2.5,1.64
50329c2642c8d37d3576090e0f30440c,market_max,open,total_goals,under,2.5,2.3
50329c2642c8d37d3576090e0f30440c,paddy_power,open,1x2,away,,7.0
50329c2642c8d37d3576090e0f30440c,paddy_power,open,1x2,draw,,4.5
50329c2642c8d37d3576090e0f30440c,paddy_power,open,1x2,home,,1.4
50329c2642c8d37d3576090e0f30440c,skybet,open,1x2,away,,7.0
50329c2642c8d37d3576090e0f30440c,skybet,open,1x2,draw,,4.75
50329c2642c8d37d3576090e0f30440c,skybet,open,1x2,home,,1.4
160d72e56723710eaa251b06fc946e73,bet365,open,1x2,away,,7.5
160d72e56723710eaa251b06fc946e73,bet365,open,1x2,draw,,5.75
160d72e56723710eaa251b06fc946e73,bet365,open,1x2,home,,1.33
160d72e56723710eaa251b06fc946e73,bet365,open,asian_handicap,away,1.5,1.98
160d72e56723710eaa251b06fc946e73,bet365,open,asian_handicap,home,-1.5,1.88
160d72e56723710eaa251b06fc946e73,bet365,open,total_goals,over,2.5,1.36
160d72e56723710eaa251b06fc946e73,bet365,open,total_goals,under,2.5,3.2
160d72e56723710eaa251b06fc946e73,bet_and_win,open,1x2,away,,7.0
160d72e56723710eaa251b06fc946e73,bet_and_win,open,1x2,draw,,5.75
160d72e56723710eaa251b06fc946e73,bet_and_win,open,1x2,home,,1.35
160d72e56723710eaa251b06fc946e73,betfair_exchange,open,1x2,away,,8.4
160d72e56723710eaa251b06fc946e73,betfair_exchange,open,1x2,draw,,5.9
160d72e56723710eaa251b06fc946e73,betfair_exchange,open,1x2,home,,1.39
160d72e56723710eaa251b06fc946e73,betfair_exchange,open,asian_handicap,away,1.5,1.98
160d72e56723710eaa251b06fc946e73,betfair_exchange,open,asian_handicap,home,-1.5,1.96
160d72e56723710eaa251b06fc946e73,betfair_exchange,open,total_goals,over,2.5,1.39
160d72e56723710eaa251b06fc946e73,betfair_exchange,open,total_goals,under,2.5,3.5
160d72e56723710eaa251b06fc946e73,betfred,open,1x2,away,,7.5
160d72e56723710eaa251b06fc946e73,betfred,open,1x2,draw,,5.5
160d72e56723710eaa251b06fc946e73,betfred,open,1x2,home,,1.36
160d72e56723710eaa251b06fc946e73,betvictor,open,1x2,away,,8.0
160d72e56723710eaa251b06fc946e73,betvictor,open,1x2,draw,,5.5
160d72e56723710eaa251b06fc946e73,betvictor,open,1x2,home,,1.33
160d72e56723710eaa251b06fc946e73,market_avg,open,1x2,away,,7.44
160d72e56723710eaa251b06fc946e73,market_avg,open,1x2,draw,,5.59
160d72e56723710eaa251b06fc946e73,market_avg,open,1x2,home,,1.34
160d72e56723710eaa251b06fc946e73,market_avg,open,asian_handicap,away,1.5,1.87
160d72e56723710eaa251b06fc946e73,market_avg,open,asian_handicap,home,-1.5,1.85
160d72e56723710eaa251b06fc946e73,market_avg,open,total_goals,over,2.5,1.35
160d72e56723710eaa251b06fc946e73,market_avg,open,total_goals,under,2.5,3.1
160d72e56723710eaa251b06fc946e73,market_max,open,1x2,away,,8.0
160d72e56723710eaa251b06fc946e73,market_max,open,1x2,draw,,5.75
160d72e56723710eaa251b06fc946e73,market_max,open,1x2,home,,1.4
160d72e56723710eaa251b06fc946e73,market_max,open,asian_handicap,away,1.5,1.98
160d72e56723710eaa251b06fc946e73,market_max,open,asian_handicap,home,-1.5,1.93
160d72e56723710eaa251b06fc946e73,market_max,open,total_goals,over,2.5,1.38
160d72e56723710eaa251b06fc946e73,market_max,open,total_goals,under,2.5,3.3
160d72e56723710eaa251b06fc946e73,paddy_power,open,1x2,away,,7.5
160d72e56723710eaa251b06fc946e73,paddy_power,open,1x2,draw,,5.5
160d72e56723710eaa251b06fc946e73,paddy_power,open,1x2,home,,1.33
160d72e56723710eaa251b06fc946e73,skybet,open,1x2,away,,7.5
160d72e56723710eaa251b06fc946e73,skybet,open,1x2,draw,,5.5
160d72e56723710eaa251b06fc946e73,skybet,open,1x2,home,,1.33
0a838990b1dfe1cd3886dbc31bb3bf8b,bet365,open,1x2,away,,1.75
0a838990b1dfe1cd3886dbc31bb3bf8b,bet365,open,1x2,draw,,3.4
0a838990b1dfe1cd3886dbc31bb3bf8b,bet365,open,1x2,home,,5.25
0a838990b1dfe1cd3886dbc31bb3bf8b,bet365,open,asian_handicap,away,-0.75,2.03
0a838990b1dfe1cd3886dbc31bb3bf8b,bet365,open,asian_handicap,home,0.75,1.83
0a838990b1dfe1cd3886dbc31bb3bf8b,bet365,open,total_goals,over,2.5,2.05
0a838990b1dfe1cd3886dbc31bb3bf8b,bet365,open,total_goals,under,2.5,1.8
0a838990b1dfe1cd3886dbc31bb3bf8b,bet_and_win,open,1x2,away,,1.78
0a838990b1dfe1cd3886dbc31bb3bf8b,bet_and_win,open,1x2,draw,,3.5
0a838990b1dfe1cd3886dbc31bb3bf8b,bet_and_win,open,1x2,home,,4.75
0a838990b1dfe1cd3886dbc31bb3bf8b,betfair_exchange,open,1x2,away,,1.81
0a838990b1dfe1cd3886dbc31bb3bf8b,betfair_exchange,open,1x2,draw,,3.6
0a838990b1dfe1cd3886dbc31bb3bf8b,betfair_exchange,open,1x2,home,,5.6
0a838990b1dfe1cd3886dbc31bb3bf8b,betfair_exchange,open,asian_handicap,away,-0.75,2.06
0a838990b1dfe1cd3886dbc31bb3bf8b,betfair_exchange,open,asian_handicap,home,0.75,1.92
0a838990b1dfe1cd3886dbc31bb3bf8b,betfair_exchange,open,total_goals,over,2.5,2.16
0a838990b1dfe1cd3886dbc31bb3bf8b,betfair_exchange,open,total_goals,under,2.5,1.83
0a838990b1dfe1cd3886dbc31bb3bf8b,betfred,open,1x2,away,,1.8
0a838990b1dfe1cd3886dbc31bb3bf8b,betfred,open,1x2,draw,,3.5
0a838990b1dfe1cd3886dbc31bb3bf8b,betfred,open,1x2,home,,4.6
0a838990b1dfe1cd3886dbc31bb3bf8b,betvictor,open,1x2,away,,1.75
0a838990b1dfe1cd3886dbc31bb3bf8b,betvictor,open,1x2,draw,,3.6
0a838990b1dfe1cd3886dbc31bb3bf8b,betvictor,open,1x2,home,,4.75
0a838990b1dfe1cd3886dbc31bb3bf8b,market_avg,open,1x2,away,,1.78
0a838990b1dfe1cd3886dbc31bb3bf8b,market_avg,open,1x2,draw,,3.43
0a838990b1dfe1cd3886dbc31bb3bf8b,market_avg,open,1x2,home,,4.88
0a838990b1dfe1cd3886dbc31bb3bf8b,market_avg,open,asian_handicap,away,-0.75,1.97
0a838990b1dfe1cd3886dbc31bb3bf8b,market_avg,open,asian_handicap,home,0.75,1.78
0a838990b1dfe1cd3886dbc31bb3bf8b,market_avg,open,total_goals,over,2.5,2.05
0a838990b1dfe1cd3886dbc31bb3bf8b,market_avg,open,total_goals,under,2.5,1.73
0a838990b1dfe1cd3886dbc31bb3bf8b,market_max,open,1x2,away,,1.84
0a838990b1dfe1cd3886dbc31bb3bf8b,market_max,open,1x2,draw,,3.6
0a838990b1dfe1cd3886dbc31bb3bf8b,market_max,open,1x2,home,,5.25
0a838990b1dfe1cd3886dbc31bb3bf8b,market_max,open,asian_handicap,away,-0.75,2.03
0a838990b1dfe1cd3886dbc31bb3bf8b,market_max,open,asian_handicap,home,0.75,1.83
0a838990b1dfe1cd3886dbc31bb3bf8b,market_max,open,total_goals,over,2.5,2.1
0a838990b1dfe1cd3886dbc31bb3bf8b,market_max,open,total_goals,under,2.5,1.8
0a838990b1dfe1cd3886dbc31bb3bf8b,paddy_power,open,1x2,away,,1.75
0a838990b1dfe1cd3886dbc31bb3bf8b,paddy_power,open,1x2,draw,,3.4
0a838990b1dfe1cd3886dbc31bb3bf8b,paddy_power,open,1x2,home,,5.0
0a838990b1dfe1cd3886dbc31bb3bf8b,skybet,open,1x2,away,,1.75
0a838990b1dfe1cd3886dbc31bb3bf8b,skybet,open,1x2,draw,,3.5
0a838990b1dfe1cd3886dbc31bb3bf8b,skybet,open,1x2,home,,5.0
d3500e1c11b3dc85606b824259694aad,bet365,open,1x2,away,,1.38
d3500e1c11b3dc85606b824259694aad,bet365,open,1x2,draw,,5.25
d3500e1c11b3dc85606b824259694aad,bet365,open,1x2,home,,7.0
d3500e1c11b3dc85606b824259694aad,bet365,open,asian_handicap,away,-1.25,1.9
d3500e1c11b3dc85606b824259694aad,bet365,open,asian_handicap,home,1.25,1.95
d3500e1c11b3dc85606b824259694aad,bet365,open,total_goals,over,2.5,1.36
d3500e1c11b3dc85606b824259694aad,bet365,open,total_goals,under,2.5,3.2
d3500e1c11b3dc85606b824259694aad,bet_and_win,open,1x2,away,,1.47
d3500e1c11b3dc85606b824259694aad,bet_and_win,open,1x2,draw,,5.0
d3500e1c11b3dc85606b824259694aad,bet_and_win,open,1x2,home,,5.5
d3500e1c11b3dc85606b824259694aad,betfair_exchange,open,1x2,away,,1.47
d3500e1c11b3dc85606b824259694aad,betfair_exchange,open,1x2,draw,,5.3
d3500e1c11b3dc85606b824259694aad,betfair_exchange,open,1x2,home,,7.2
d3500e1c11b3dc85606b824259694aad,betfair_exchange,open,asian_handicap,away,-1.25,1.97
d3500e1c11b3dc85606b824259694aad,betfair_exchange,open,asian_handicap,home,1.25,1.99
d3500e1c11b3dc85606b824259694aad,betfair_exchange,open,total_goals,over,2.5,1.42
d3500e1c11b3dc85606b824259694aad,betfair_exchange,open,total_goals,under,2.5,3.3
d3500e1c11b3dc85606b824259694aad,betfred,open,1x2,away,,1.44
d3500e1c11b3dc85606b824259694aad,betfred,open,1x2,draw,,5.0
d3500e1c11b3dc85606b824259694aad,betfred,open,1x2,home,,6.5
d3500e1c11b3dc85606b824259694aad,betvictor,open,1x2,away,,1.4
d3500e1c11b3dc85606b824259694aad,betvictor,open,1x2,draw,,5.25
d3500e1c11b3dc85606b824259694aad,betvictor,open,1x2,home,,6.5
d3500e1c11b3dc85606b824259694aad,market_avg,open,1x2,away,,1.42
d3500e1c11b3dc85606b824259694aad,market_avg,open,1x2,draw,,5.06
d3500e1c11b3dc85606b824259694aad,market_avg,open,1x2,home,,6.33
d3500e1c11b3dc85606b824259694aad,market_avg,open,asian_handicap,away,-1.25,1.85
d3500e1c11b3dc85606b824259694aad,market_avg,open,asian_handicap,home,1.25,1.89
d3500e1c11b3dc85606b824259694aad,market_avg,open,total_goals,over,2.5,1.35
d3500e1c11b3dc85606b824259694aad,market_avg,open,total_goals,under,2.5,3.05
d3500e1c11b3dc85606b824259694aad,market_max,open,1x2,away,,1.47
d3500e1c11b3dc85606b824259694aad,market_max,open,1x2,draw,,5.25
d3500e1c11b3dc85606b824259694aad,market_max,open,1x2,home,,7.0
d3500e1c11b3dc85606b824259694aad,market_max,open,asian_handicap,away,-1.25,1.9
d3500e1c11b3dc85606b824259694aad,market_max,open,asian_handicap,home,1.25,1.95
d3500e1c11b3dc85606b824259694aad,market_max,open,total_goals,over,2.5,1.38
d3500e1c11b3dc85606b824259694aad,market_max,open,total_goals,under,2.5,3.2
d3500e1c11b3dc85606b824259694aad,paddy_power,open,1x2,away,,1.4
d3500e1c11b3dc85606b824259694aad,paddy_power,open,1x2,draw,,5.0
d3500e1c11b3dc85606b824259694aad,paddy_power,open,1x2,home,,6.5
d3500e1c11b3dc85606b824259694aad,skybet,open,1x2,away,,1.36
d3500e1c11b3dc85606b824259694aad,skybet,open,1x2,draw,,5.0
d3500e1c11b3dc85606b824259694aad,skybet,open,1x2,home,,6.5
08e055b529a3a1f13bbb1c02e53fd025,bet365,open,1x2,away,,2.2
08e055b529a3a1f13bbb1c02e53fd025,bet365,open,1x2,draw,,3.9
08e055b529a3a1f13bbb1c02e53fd025,bet365,open,1x2,home,,2.88
08e055b529a3a1f13bbb1c02e53fd025,bet365,open,asian_handicap,away,-0.25,1.98
08e055b529a3a1f13bbb1c02e53fd025,bet365,open,asian_handicap,home,0.25,1.88
08e055b529a3a1f13bbb1c02e53fd025,bet365,open,total_goals,over,2.5,1.44
08e055b529a3a1f13bbb1c02e53fd025,bet365,open,total_goals,under,2.5,2.75
08e055b529a3a1f13bbb1c02e53fd025,bet_and_win,open,1x2,away,,2.2
08e055b529a3a1f13bbb1c02e53fd025,bet_and_win,open,1x2,draw,,3.75
08e055b529a3a1f13bbb1c02e53fd025,bet_and_win,open,1x2,home,,2.9
08e055b529a3a1f13bbb1c02e53fd025,betfair_exchange,open,1x2,away,,2.38
08e055b529a3a1f13bbb1c02e53fd025,betfair_exchange,open,1x2,draw,,4.0
08e055b529a3a1f13bbb1c02e53fd025,betfair_exchange,open,1x2,home,,3.0
08e055b529a3a1f13bbb1c02e53fd025,betfair_exchange,open,asian_handicap,away,-0.25,2.08
08e055b529a3a1f13bbb1c02e53fd025,betfair_exchange,open,asian_handicap,home,0.25,1.9
08e055b529a3a1f13bbb1c02e53fd025,betfair_exchange,open,total_goals,over,2.5,1.51
08e055b529a3a1f13bbb1c02e53fd025,betfair_exchange,open,total_goals,under,2.5,2.9
08e055b529a3a1f13bbb1c02e53fd025,betfred,open,1x2,away,,2.2
08e055b529a3a1f13bbb1c02e53fd025,betfred,open,1x2,draw,,4.0
08e055b529a3a1f13bbb1c02e53fd025,betfred,open,1x2,home,,2.88
08e055b529a3a1f13bbb1c02e53fd025,betvictor,open,1x2,away,,2.15
08e055b529a3a1f13bbb1c02e53fd025,betvictor,open,1x2,draw,,3.7
08e055b529a3a1f13bbb1c02e53fd025,betvictor,open,1x2,home,,2.75
08e055b529a3a1f13bbb1c02e53fd025,market_avg,open,1x2,away,,2.2
08e055b529a3a1f13bbb1c02e53fd025,market_avg,open,1x2,draw,,3.8
08e055b529a3a1f13bbb1c02e53fd025,market_avg,open,1x2,home,,2.84
08e055b529a3a1f13bbb1c02e53fd025,market_avg,open,asian_handicap,away,-0.25,1.92
08e055b529a3a1f13bbb1c02e53fd025,market_avg,open,asian_handicap,home,0.25,1.83
08e055b529a3a1f13bbb1c02e53fd025,market_avg,open,total_goals,over,2.5,1.43
08e055b529a3a1f13bbb1c02e53fd025,market_avg,open,total_goals,under,2.5,2.72
08e055b529a3a1f13bbb1c02e53fd025,market_max,open,1x2,away,,2.3
08e055b529a3a1f13bbb1c02e53fd025,market_max,open,1x2,draw,,4.0
08e055b529a3a1f13bbb1c02e53fd025,market_max,open,1x2,home,,2.9
08e055b529a3a1f13bbb1c02e53fd025,market_max,open,asian_handicap,away,-0.25,1.98
08e055b529a3a1f13bbb1c02e53fd025,market_max,open,asian_handicap,home,0.25,1.88
08e055b529a3a1f13bbb1c02e53fd025,market_max,open,total_goals,over,2.5,1.48
08e055b529a3a1f13bbb1c02e53fd025,market_max,open,total_goals,under,2.5,2.88
08e055b529a3a1f13bbb1c02e53fd025,paddy_power,open,1x2,away,,2.15
08e055b529a3a1f13bbb1c02e53fd025,paddy_power,open,1x2,draw,,3.8
08e055b529a3a1f13bbb1c02e53fd025,paddy_power,open,1x2,home,,2.88
08e055b529a3a1f13bbb1c02e53fd025,skybet,open,1x2,away,,2.15
08e055b529a3a1f13bbb1c02e53fd025,skybet,open,1x2,draw,,3.8
08e055b529a3a1f13bbb1c02e53fd025,skybet,open,1x2,home,,2.8
fb66f8f04e9f4dd33476019d828f9778,bet365,open,1x2,away,,6.25
fb66f8f04e9f4dd33476019d828f9778,bet365,open,1x2,draw,,4.75
fb66f8f04e9f4dd33476019d828f9778,bet365,open,1x2,home,,1.44
fb66f8f04e9f4dd33476019d828f9778,bet365,open,asian_handicap,away,1.25,1.93
fb66f8f04e9f4dd33476019d828f9778,bet365,open,asian_handicap,home,-1.25,1.93
fb66f8f04e9f4dd33476019d828f9778,bet365,open,total_goals,over,2.5,1.44
fb66f8f04e9f4dd33476019d828f9778,bet365,open,total_goals,under,2.5,2.75
fb66f8f04e9f4dd33476019d828f9778,bet_and_win,open,1x2,away,,6.0
fb66f8f04e9f4dd33476019d828f9778,bet_and_win,open,1x2,draw,,4.8
fb66f8f04e9f4dd33476019d828f9778,bet_and_win,open,1x2,home,,1.46
fb66f8f04e9f4dd33476019d828f9778,betfair_exchange,open,1x2,away,,7.2
fb66f8f04e9f4dd33476019d828f9778,betfair_exchange,open,1x2,draw,,5.2
fb66f8f04e9f4dd33476019d828f9778,betfair_exchange,open,1x2,home,,1.48
fb66f8f04e9f4dd33476019d828f9778,betfair_exchange,open,asian_handicap,away,1.25,1.96
fb66f8f04e9f4dd33476019d828f9778,betfair_exchange,open,asian_handicap,home,-1.25,1.98
fb66f8f04e9f4dd33476019d828f9778,betfair_exchange,open,total_goals,over,2.5,1.47
fb66f8f04e9f4dd33476019d828f9778,betfair_exchange,open,total_goals,under,2.5,3.05
fb66f8f04e9f4dd33476019d828f9778,betfred,open,1x2,away,,6.5
fb66f8f04e9f4dd33476019d828f9778,betfred,open,1x2,draw,,5.0
fb66f8f04e9f4dd33476019d828f9778,betfred,open,1x2,home,,1.44
fb66f8f04e9f4dd33476019d828f9778,betvictor,open,1x2,away,,6.0
fb66f8f04e9f4dd33476019d828f9778,betvictor,open,1x2,draw,,4.6
fb66f8f04e9f4dd33476019d828f9778,betvictor,open,1x2,home,,1.4
fb66f8f04e9f4dd33476019d828f9778,market_avg,open,1x2,away,,6.16
fb66f8f04e9f4dd33476019d828f9778,market_avg,open,1x2,draw,,4.8
fb66f8f04e9f4dd33476019d828f9778,market_avg,open,1x2,home,,1.43
fb66f8f04e9f4dd33476019d828f9778,market_avg,open,asian_handicap,away,1.25,1.88
fb66f8f04e9f4dd33476019d828f9778,market_avg,open,asian_handicap,home,-1.25,1.86
fb66f8f04e9f4dd33476019d828f9778,market_avg,open,total_goals,over,2.5,1.41
fb66f8f04e9f4dd33476019d828f9778,market_avg,open,total_goals,under,2.5,2.8
fb66f8f04e9f4dd33476019d828f9778,market_max,open,1x2,away,,6.6
fb66f8f04e9f4dd33476019d828f9778,market_max,open,1x2,draw,,5.0
fb66f8f04e9f4dd33476019d828f9778,market_max,open,1x2,home,,1.46
fb66f8f04e9f4dd33476019d828f9778,market_max,open,asian_handicap,away,1.25,1.93
fb66f8f04e9f4dd33476019d828f9778,market_max,open,asian_handicap,home,-1.25,1.93
fb66f8f04e9f4dd33476019d828f9778,market_max,open,total_goals,over,2.5,1.45
fb66f8f04e9f4dd33476019d828f9778,market_max,open,total_goals,under,2.5,3.0
fb66f8f04e9f4dd33476019d828f9778,paddy_power,open,1x2,away,,6.5
fb66f8f04e9f4dd33476019d828f9778,paddy_power,open,1x2,draw,,4.75
fb66f8f04e9f4dd33476019d828f9778,paddy_power,open,1x2,home,,1.4
fb66f8f04e9f4dd33476019d828f9778,skybet,open,1x2,away,,6.25
fb66f8f04e9f4dd33476019d828f9778,skybet,open,1x2,draw,,4.75
fb66f8f04e9f4dd33476019d828f9778,skybet,open,1x2,home,,1.4
9d6468b45ad175febfe4ff079668b97f,bet365,open,1x2,away,,3.8
9d6468b45ad175febfe4ff079668b97f,bet365,open,1x2,draw,,3.75
9d6468b45ad175febfe4ff079668b97f,bet365,open,1x2,home,,1.9
9d6468b45ad175febfe4ff079668b97f,bet365,open,asian_handicap,away,0.5,1.98
9d6468b45ad175febfe4ff079668b97f,bet365,open,asian_handicap,home,-0.5,1.88
9d6468b45ad175febfe4ff079668b97f,bet365,open,total_goals,over,2.5,1.57
9d6468b45ad175febfe4ff079668b97f,bet365,open,total_goals,under,2.5,2.38
9d6468b45ad175febfe4ff079668b97f,bet_and_win,open,1x2,away,,3.8
9d6468b45ad175febfe4ff079668b97f,bet_and_win,open,1x2,draw,,3.75
9d6468b45ad175febfe4ff079668b97f,bet_and_win,open,1x2,home,,1.9
9d6468b45ad175febfe4ff079668b97f,betfair_exchange,open,1x2,away,,4.0
9d6468b45ad175febfe4ff079668b97f,betfair_exchange,open,1x2,draw,,4.0
9d6468b45ad175febfe4ff079668b97f,betfair_exchange,open,1x2,home,,1.96
9d6468b45ad175febfe4ff079668b97f,betfair_exchange,open,asian_handicap,away,0.5,2.02
9d6468b45ad175febfe4ff079668b97f,betfair_exchange,open,asian_handicap,home,-0.5,1.96
9d6468b45ad175febfe4ff079668b97f,betfair_exchange,open,total_goals,over,2.5,1.63
9d6468b45ad175febfe4ff079668b97f,betfair_exchange,open,total_goals,under,2.5,2.5
9d6468b45ad175febfe4ff079668b97f,betfred,open,1x2,away,,3.75
9d6468b45ad175febfe4ff079668b97f,betfred,open,1x2,draw,,4.0
9d6468b45ad175febfe4ff079668b97f,betfred,open,1x2,home,,1.83
9d6468b45ad175febfe4ff079668b97f,betvictor,open,1x2,away,,3.6
9d6468b45ad175febfe4ff079668b97f,betvictor,open,1x2,draw,,3.7
9d6468b45ad175febfe4ff079668b97f,betvictor,open,1x2,home,,1.8
9d6468b45ad175febfe4ff079668b97f,market_avg,open,1x2,away,,3.76
9d6468b45ad175febfe4ff079668b97f,market_avg,open,1x2,draw,,3.78
9d6468b45ad175febfe4ff079668b97f,market_avg,open,1x2,home,,1.86
9d6468b45ad175febfe4ff079668b97f,market_avg,open,asian_handicap,away,0.5,1.92
9d6468b45ad175febfe4ff079668b97f,market_avg,open,asian_handicap,home,-0.5,1.83
9d6468b45ad175febfe4ff079668b97f,market_avg,open,total_goals,over,2.5,1.56
9d6468b45ad175febfe4ff079668b97f,market_avg,open,total_goals,under,2.5,2.35
9d6468b45ad175febfe4ff079668b97f,market_max,open,1x2,away,,3.9
9d6468b45ad175febfe4ff079668b97f,market_max,open,1x2,draw,,4.0
9d6468b45ad175febfe4ff079668b97f,market_max,open,1x2,home,,1.9
9d6468b45ad175febfe4ff079668b97f,market_max,open,asian_handicap,away,0.5,1.98
9d6468b45ad175febfe4ff079668b97f,market_max,open,asian_handicap,home,-0.5,1.88
9d6468b45ad175febfe4ff079668b97f,market_max,open,total_goals,over,2.5,1.6
9d6468b45ad175febfe4ff079668b97f,market_max,open,total_goals,under,2.5,2.4
9d6468b45ad175febfe4ff079668b97f,paddy_power,open,1x2,away,,3.8
9d6468b45ad175febfe4ff079668b97f,paddy_power,open,1x2,draw,,3.75
9d6468b45ad175febfe4ff079668b97f,paddy_power,open,1x2,home,,1.87
9d6468b45ad175febfe4ff079668b97f,skybet,open,1x2,away,,3.8
9d6468b45ad175febfe4ff079668b97f,skybet,open,1x2,draw,,3.75
9d6468b45ad175febfe4ff079668b97f,skybet,open,1x2,home,,1.85
1ab0ae5c26bccbaa9e5f9e292a940565,bet365,open,1x2,away,,1.95
1ab0ae5c26bccbaa9e5f9e292a940565,bet365,open,1x2,draw,,3.6
1ab0ae5c26bccbaa9e5f9e292a940565,bet365,open,1x2,home,,3.6
1ab0ae5c26bccbaa9e5f9e292a940565,bet365,open,asian_handicap,away,-0.5,2.03
1ab0ae5c26bccbaa9e5f9e292a940565,bet365,open,asian_handicap,home,0.5,1.83
1ab0ae5c26bccbaa9e5f9e292a940565,bet365,open,total_goals,over,2.5,1.67
1ab0ae5c26bccbaa9e5f9e292a940565,bet365,open,total_goals,under,2.5,2.2
1ab0ae5c26bccbaa9e5f9e292a940565,bet_and_win,open,1x2,away,,2.05
1ab0ae5c26bccbaa9e5f9e292a940565,bet_and_win,open,1x2,draw,,3.8
1ab0ae5c26bccbaa9e5f9e292a940565,bet_and_win,open,1x2,home,,3.25
1ab0ae5c26bccbaa9e5f9e292a940565,betfair_exchange,open,1x2,away,,2.06
1ab0ae5c26bccbaa9e5f9e292a940565,betfair_exchange,open,1x2,draw,,3.85
1ab0ae5c26bccbaa9e5f9e292a940565,betfair_exchange,open,1x2,home,,3.75
1ab0ae5c26bccbaa9e5f9e292a940565,betfair_exchange,open,total_goals,over,2.5,1.71
1ab0ae5c26bccbaa9e5f9e292a940565,betfair_exchange,open,total_goals,under,2.5,2.34
1ab0ae5c26bccbaa9e5f9e292a940565,betfred,open,1x2,away,,2.0
1ab0ae5c26bccbaa9e5f9e292a940565,betfred,open,1x2,draw,,3.75
1ab0ae5c26bccbaa9e5f9e292a940565,betfred,open,1x2,home,,3.4
1ab0ae5c26bccbaa9e5f9e292a940565,betvictor,open,1x2,away,,1.95
1ab0ae5c26bccbaa9e5f9e292a940565,betvictor,open,1x2,draw,,3.5
1ab0ae5c26bccbaa9e5f9e292a940565,betvictor,open,1x2,home,,3.3
1ab0ae5c26bccbaa9e5f9e292a940565,market_avg,open,1x2,away,,1.99
1ab0ae5c26bccbaa9e5f9e292a940565,market_avg,open,1x2,draw,,3.65
1ab0ae5c26bccbaa9e5f9e292a940565,market_avg,open,1x2,home,,3.41
1ab0ae5c26bccbaa9e5f9e292a940565,market_avg,open,asian_handicap,away,-0.5,1.97
1ab0ae5c26bccbaa9e5f9e292a940565,market_avg,open,asian_handicap,home,0.5,1.77
1ab0ae5c26bccbaa9e5f9e292a940565,market_avg,open,total_goals,over,2.5,1.64
1ab0ae5c26bccbaa9e5f9e292a940565,market_avg,open,total_goals,under,2.5,2.19
1ab0ae5c26bccbaa9e5f9e292a940565,market_max,open,1x2,away,,2.05
1ab0ae5c26bccbaa9e5f9e292a940565,market_max,open,1x2,draw,,3.8
1ab0ae5c26bccbaa9e5f9e292a940565,market_max,open,1x2,home,,3.6
1ab0ae5c26bccbaa9e5f9e292a940565,market_max,open,asian_handicap,away,-0.5,2.03
1ab0ae5c26bccbaa9e5f9e292a940565,market_max,open,asian_handicap,home,0.5,1.83
1ab0ae5c26bccbaa9e5f9e292a940565,market_max,open,total_goals,over,2.5,1.67
1ab0ae5c26bccbaa9e5f9e292a940565,market_max,open,total_goals,under,2.5,2.2
1ab0ae5c26bccbaa9e5f9e292a940565,paddy_power,open,1x2,away,,1.95
1ab0ae5c26bccbaa9e5f9e292a940565,paddy_power,open,1x2,draw,,3.6
1ab0ae5c26bccbaa9e5f9e292a940565,paddy_power,open,1x2,home,,3.5
1ab0ae5c26bccbaa9e5f9e292a940565,skybet,open,1x2,away,,1.95
1ab0ae5c26bccbaa9e5f9e292a940565,skybet,open,1x2,draw,,3.6
1ab0ae5c26bccbaa9e5f9e292a940565,skybet,open,1x2,home,,3.5
320a81ae6c97bc011f495f7e82031592,bet365,open,1x2,away,,1.17
320a81ae6c97bc011f495f7e82031592,bet365,open,1x2,draw,,7.5
320a81ae6c97bc011f495f7e82031592,bet365,open,1x2,home,,15.0
320a81ae6c97bc011f495f7e82031592,bet365,open,asian_handicap,away,-2.25,1.85
320a81ae6c97bc011f495f7e82031592,bet365,open,asian_handicap,home,2.25,2.0
320a81ae6c97bc011f495f7e82031592,bet365,open,total_goals,over,2.5,1.22
320a81ae6c97bc011f495f7e82031592,bet365,open,total_goals,under,2.5,4.33
320a81ae6c97bc011f495f7e82031592,bet_and_win,open,1x2,away,,1.18
320a81ae6c97bc011f495f7e82031592,bet_and_win,open,1x2,draw,,9.0
320a81ae6c97bc011f495f7e82031592,bet_and_win,open,1x2,home,,11.5
320a81ae6c97bc011f495f7e82031592,betfair_exchange,open,1x2,away,,1.17
320a81ae6c97bc011f495f7e82031592,betfair_exchange,open,1x2,draw,,10.0
320a81ae6c97bc011f495f7e82031592,betfair_exchange,open,1x2,home,,18.0
320a81ae6c97bc011f495f7e82031592,betfair_exchange,open,asian_handicap,away,-2.25,1.89
320a81ae6c97bc011f495f7e82031592,betfair_exchange,open,asian_handicap,home,2.25,2.05
320a81ae6c97bc011f495f7e82031592,betfair_exchange,open,total_goals,over,2.5,1.25
320a81ae6c97bc011f495f7e82031592,betfair_exchange,open,total_goals,under,2.5,4.7
320a81ae6c97bc011f495f7e82031592,betfred,open,1x2,away,,1.14
320a81ae6c97bc011f495f7e82031592,betfred,open,1x2,draw,,8.5
320a81ae6c97bc011f495f7e82031592,betfred,open,1x2,home,,15.0
320a81ae6c97bc011f495f7e82031592,betvictor,open,1x2,away,,1.12
320a81ae6c97bc011f495f7e82031592,betvictor,open,1x2,draw,,8.0
320a81ae6c97bc011f495f7e82031592,betvictor,open,1x2,home,,13.0
320a81ae6c97bc011f495f7e82031592,market_avg,open,1x2,away,,1.15
320a81ae6c97bc011f495f7e82031592,market_avg,open,1x2,draw,,8.32
320a81ae6c97bc011f495f7e82031592,market_avg,open,1x2,home,,13.58
320a81ae6c97bc011f495f7e82031592,market_avg,open,asian_handicap,away,-2.25,1.8
320a81ae6c97bc011f495f7e82031592,market_avg,open,asian_handicap,home,2.25,1.95
320a81ae6c97bc011f495f7e82031592,market_avg,open,total_goals,over,2.5,1.22
320a81ae6c97bc011f495f7e82031592,market_avg,open,total_goals,under,2.5,4.12
320a81ae6c97bc011f495f7e82031592,market_max,open,1x2,away,,1.18
320a81ae6c97bc011f495f7e82031592,market_max,open,1x2,draw,,9.0
320a81ae6c97bc011f495f7e82031592,market_max,open,1x2,home,,16.0
320a81ae6c97bc011f495f7e82031592,market_max,open,asian_handicap,away,-2.25,1.85
320a81ae6c97bc011f495f7e82031592,market_max,open,asian_handicap,home,2.25,2.0
320a81ae6c97bc011f495f7e82031592,market_max,open,total_goals,over,2.5,1.25
320a81ae6c97bc011f495f7e82031592,market_max,open,total_goals,under,2.5,4.33
320a81ae6c97bc011f495f7e82031592,paddy_power,open,1x2,away,,1.13
320a81ae6c97bc011f495f7e82031592,paddy_power,open,1x2,draw,,9.0
320a81ae6c97bc011f495f7e82031592,paddy_power,open,1x2,home,,15.0
320a81ae6c97bc011f495f7e82031592,skybet,open,1x2,away,,1.13
320a81ae6c97bc011f495f7e82031592,skybet,open,1x2,draw,,8.5
320a81ae6c97bc011f495f7e82031592,skybet,open,1x2,home,,13.0
99ba3d1b6056c364b625ed2efb2b1a13,bet365,open,1x2,away,,1.73
99ba3d1b6056c364b625ed2efb2b1a13,bet365,open,1x2,draw,,4.0
99ba3d1b6056c364b625ed2efb2b1a13,bet365,open,1x2,home,,4.33
99ba3d1b6056c364b625ed2efb2b1a13,bet365,open,asian_handicap,away,-0.75,1.98
99ba3d1b6056c364b625ed2efb2b1a13,bet365,open,asian_handicap,home,0.75,1.88
99ba3d1b6056c364b625ed2efb2b1a13,bet365,open,total_goals,over,2.5,1.5
99ba3d1b6056c364b625ed2efb2b1a13,bet365,open,total_goals,under,2.5,2.63
99ba3d1b6056c364b625ed2efb2b1a13,bet_and_win,open,1x2,away,,1.8
99ba3d1b6056c364b625ed2efb2b1a13,bet_and_win,open,1x2,draw,,3.9
99ba3d1b6056c364b625ed2efb2b1a13,bet_and_win,open,1x2,home,,4.0
99ba3d1b6056c364b625ed2efb2b1a13,betfair_exchange,open,1x2,away,,1.81
99ba3d1b6056c364b625ed2efb2b1a13,betfair_exchange,open,1x2,draw,,4.3
99ba3d1b6056c364b625ed2efb2b1a13,betfair_exchange,open,1x2,home,,4.5
99ba3d1b6056c364b625ed2efb2b1a13,betfair_exchange,open,asian_handicap,away,-0.75,2.01
99ba3d1b6056c364b625ed2efb2b1a13,betfair_exchange,open,asian_handicap,home,0.75,1.95
99ba3d1b6056c364b625ed2efb2b1a13,betfair_exchange,open,total_goals,over,2.5,1.51
99ba3d1b6056c364b625ed2efb2b1a13,betfair_exchange,open,total_goals,under,2.5,2.9
99ba3d1b6056c364b625ed2efb2b1a13,betfred,open,1x2,away,,1.8
99ba3d1b6056c364b625ed2efb2b1a13,betfred,open,1x2,draw,,4.2
99ba3d1b6056c364b625ed2efb2b1a13,betfred,open,1x2,home,,4.0
99ba3d1b6056c364b625ed2efb2b1a13,betvictor,open,1x2,away,,1.7
99ba3d1b6056c364b625ed2efb2b1a13,betvictor,open,1x2,draw,,3.9
99ba3d1b6056c364b625ed2efb2b1a13,betvictor,open,1x2,home,,3.9
99ba3d1b6056c364b625ed2efb2b1a13,market_avg,open,1x2,away,,1.75
99ba3d1b6056c364b625ed2efb2b1a13,market_avg,open,1x2,draw,,4.03
99ba3d1b6056c364b625ed2efb2b1a13,market_avg,open,1x2,home,,4.04
99ba3d1b6056c364b625ed2efb2b1a13,market_avg,open,asian_handicap,away,-0.75,1.91
99ba3d1b6056c364b625ed2efb2b1a13,market_avg,open,asian_handicap,home,0.75,1.83
99ba3d1b6056c364b625ed2efb2b1a13,market_avg,open,total_goals,over,2.5,1.46
99ba3d1b6056c364b625ed2efb2b1a13,market_avg,open,total_goals,under,2.5,2.63
99ba3d1b6056c364b625ed2efb2b1a13,market_max,open,1x2,away,,1.8
99ba3d1b6056c364b625ed2efb2b1a13,market_max,open,1x2,draw,,4.2
99ba3d1b6056c364b625ed2efb2b1a13,market_max,open,1x2,home,,4.33
99ba3d1b6056c364b625ed2efb2b1a13,market_max,open,asian_handicap,away,-0.75,1.98
99ba3d1b6056c364b625ed2efb2b1a13,market_max,open,asian_handicap,home,0.75,1.88
99ba3d1b6056c364b625ed2efb2b1a13,market_max,open,total_goals,over,2.5,1.5
99ba3d1b6056c364b625ed2efb2b1a13,market_max,open,total_goals,under,2.5,2.7
99ba3d1b6056c364b625ed2efb2b1a13,paddy_power,open,1x2,away,,1.73
99ba3d1b6056c364b625ed2efb2b1a13,paddy_power,open,1x2,draw,,4.0
99ba3d1b6056c364b625ed2efb2b1a13,paddy_power,open,1x2,home,,4.2
99ba3d1b6056c364b625ed2efb2b1a13,skybet,open,1x2,away,,1.73
99ba3d1b6056c364b625ed2efb2b1a13,skybet,open,1x2,draw,,4.0
99ba3d1b6056c364b625ed2efb2b1a13,skybet,open,1x2,home,,4.2
7863c0277c6814aaaa412dc495f96391,bet365,open,1x2,away,,5.5
7863c0277c6814aaaa412dc495f96391,bet365,open,1x2,draw,,3.9
7863c0277c6814aaaa412dc495f96391,bet365,open,1x2,home,,1.62
7863c0277c6814aaaa412dc495f96391,bet365,open,asian_handicap,away,0.75,2.03
7863c0277c6814aaaa412dc495f96391,bet365,open,asian_handicap,home,-0.75,1.83
7863c0277c6814aaaa412dc495f96391,bet365,open,total_goals,over,2.5,1.8
7863c0277c6814aaaa412dc495f96391,bet365,open,total_goals,under,2.5,2.0
7863c0277c6814aaaa412dc495f96391,bet_and_win,open,1x2,away,,5.25
7863c0277c6814aaaa412dc495f96391,bet_and_win,open,1x2,draw,,4.0
7863c0277c6814aaaa412dc495f96391,bet_and_win,open,1x2,home,,1.61
7863c0277c6814aaaa412dc495f96391,betfair_exchange,open,1x2,away,,5.9
7863c0277c6814aaaa412dc495f96391,betfair_exchange,open,1x2,draw,,4.1
7863c0277c6814aaaa412dc495f96391,betfair_exchange,open,1x2,home,,1.69
7863c0277c6814aaaa412dc495f96391,betfair_exchange,open,asian_handicap,away,0.75,2.1
7863c0277c6814aaaa412dc495f96391,betfair_exchange,open,asian_handicap,home,-0.75,1.88
7863c0277c6814aaaa412dc495f96391,betfair_exchange,open,total_goals,over,2.5,1.92
7863c0277c6814aaaa412dc495f96391,betfair_exchange,open,total_goals,under,2.5,2.06
7863c0277c6814aaaa412dc495f96391,betfred,open,1x2,away,,5.5
7863c0277c6814aaaa412dc495f96391,betfred,open,1x2,draw,,4.0
7863c0277c6814aaaa412dc495f96391,betfred,open,1x2,home,,1.62
7863c0277c6814aaaa412dc495f96391,betvictor,open,1x2,away,,5.25
7863c0277c6814aaaa412dc495f96391,betvictor,open,1x2,draw,,4.0
7863c0277c6814aaaa412dc495f96391,betvictor,open,1x2,home,,1.62
7863c0277c6814aaaa412dc495f96391,market_avg,open,1x2,away,,5.29
7863c0277c6814aaaa412dc495f96391,market_avg,open,1x2,draw,,3.9
7863c0277c6814aaaa412dc495f96391,market_avg,open,1x2,home,,1.62
7863c0277c6814aaaa412dc495f96391,market_avg,open,asian_handicap,away,0.75,1.98
7863c0277c6814aaaa412dc495f96391,market_avg,open,asian_handicap,home,-0.75,1.78
7863c0277c6814aaaa412dc495f96391,market_avg,open,total_goals,over,2.5,1.82
7863c0277c6814aaaa412dc495f96391,market_avg,open,total_goals,under,2.5,1.93
7863c0277c6814aaaa412dc495f96391,market_max,open,1x2,away,,5.5
7863c0277c6814aaaa412dc495f96391,market_max,open,1x2,draw,,4.0
7863c0277c6814aaaa412dc495f96391,market_max,open,1x2,home,,1.67
7863c0277c6814aaaa412dc495f96391,market_max,open,asian_handicap,away,0.75,2.03
7863c0277c6814aaaa412dc495f96391,market_max,open,asian_handicap,home,-0.75,1.83
7863c0277c6814aaaa412dc495f96391,market_max,open,total_goals,over,2.5,2.1
7863c0277c6814aaaa412dc495f96391,market_max,open,total_goals,under,2.5,2.0
7863c0277c6814aaaa412dc495f96391,paddy_power,open,1x2,away,,5.5
7863c0277c6814aaaa412dc495f96391,paddy_power,open,1x2,draw,,3.8
7863c0277c6814aaaa412dc495f96391,paddy_power,open,1x2,home,,1.62
7863c0277c6814aaaa412dc495f96391,skybet,open,1x2,away,,5.25
7863c0277c6814aaaa412dc495f96391,skybet,open,1x2,draw,,3.8
7863c0277c6814aaaa412dc495f96391,skybet,open,1x2,home,,1.62
3179daed77ff10faee264324f51b9dca,bet365,open,1x2,away,,3.9
3179daed77ff10faee264324f51b9dca,bet365,open,1x2,draw,,3.5
3179daed77ff10faee264324f51b9dca,bet365,open,1x2,home,,1.95
3179daed77ff10faee264324f51b9dca,bet365,open,asian_handicap,away,0.5,1.88
3179daed77ff10faee264324f51b9dca,bet365,open,asian_handicap,home,-0.5,1.98
3179daed77ff10faee264324f51b9dca,bet365,open,total_goals,over,2.5,1.91
3179daed77ff10faee264324f51b9dca,bet365,open,total_goals,under,2.5,1.91
3179daed77ff10faee264324f51b9dca,bet_and_win,open,1x2,away,,3.7
3179daed77ff10faee264324f51b9dca,bet_and_win,open,1x2,draw,,3.6
3179daed77ff10faee264324f51b9dca,bet_and_win,open,1x2,home,,1.95
3179daed77ff10faee264324f51b9dca,betfair_exchange,open,1x2,away,,4.0
3179daed77ff10faee264324f51b9dca,betfair_exchange,open,1x2,draw,,3.65
3179daed77ff10faee264324f51b9dca,betfair_exchange,open,1x2,home,,2.06
3179daed77ff10faee264324f51b9dca,betfair_exchange,open,asian_handicap,away,0.5,1.93
3179daed77ff10faee264324f51b9dca,betfair_exchange,open,asian_handicap,home,-0.5,2.06
3179daed77ff10faee264324f51b9dca,betfair_exchange,open,total_goals,over,2.5,1.93
3179daed77ff10faee264324f51b9dca,betfair_exchange,open,total_goals,under,2.5,2.04
3179daed77ff10faee264324f51b9dca,betfred,open,1x2,away,,3.75
3179daed77ff10faee264324f51b9dca,betfred,open,1x2,draw,,3.6
3179daed77ff10faee264324f51b9dca,betfred,open,1x2,home,,1.95
3179daed77ff10faee264324f51b9dca,betvictor,open,1x2,away,,3.75
3179daed77ff10faee264324f51b9dca,betvictor,open,1x2,draw,,3.6
3179daed77ff10faee264324f51b9dca,betvictor,open,1x2,home,,1.95
3179daed77ff10faee264324f51b9dca,market_avg,open,1x2,away,,3.68
3179daed77ff10faee264324f51b9dca,market_avg,open,1x2,draw,,3.52
3179daed77ff10faee264324f51b9dca,market_avg,open,1x2,home,,1.98
3179daed77ff10faee264324f51b9dca,market_avg,open,asian_handicap,away,0.5,1.83
3179daed77ff10faee264324f51b9dca,market_avg,open,asian_handicap,home,-0.5,1.9
3179daed77ff10faee264324f51b9dca,market_avg,open,total_goals,over,2.5,1.85
3179daed77ff10faee264324f51b9dca,market_avg,open,total_goals,under,2.5,1.89
3179daed77ff10faee264324f51b9dca,market_max,open,1x2,away,,3.9
3179daed77ff10faee264324f51b9dca,market_max,open,1x2,draw,,3.6
3179daed77ff10faee264324f51b9dca,market_max,open,1x2,home,,2.38
3179daed77ff10faee264324f51b9dca,market_max,open,asian_handicap,away,0.5,1.88
3179daed77ff10faee264324f51b9dca,market_max,open,asian_handicap,home,-0.5,1.98
3179daed77ff10faee264324f51b9dca,market_max,open,total_goals,over,2.5,2.1
3179daed77ff10faee264324f51b9dca,market_max,open,total_goals,under,2.5,1.95
3179daed77ff10faee264324f51b9dca,paddy_power,open,1x2,away,,3.75
3179daed77ff10faee264324f51b9dca,paddy_power,open,1x2,draw,,3.5
3179daed77ff10faee264324f51b9dca,paddy_power,open,1x2,home,,1.95
3179daed77ff10faee264324f51b9dca,skybet,open,1x2,away,,3.75
3179daed77ff10faee264324f51b9dca,skybet,open,1x2,draw,,3.4
3179daed77ff10faee264324f51b9dca,skybet,open,1x2,home,,1.95
841dcfde882ad6f72a3492084d622c34,bet365,open,1x2,away,,3.25
841dcfde882ad6f72a3492084d622c34,bet365,open,1x2,draw,,3.25
841dcfde882ad6f72a3492084d622c34,bet365,open,1x2,home,,2.3
841dcfde882ad6f72a3492084d622c34,bet365,open,asian_handicap,away,0.25,1.88
841dcfde882ad6f72a3492084d622c34,bet365,open,asian_handicap,home,-0.25,1.98
841dcfde882ad6f72a3492084d622c34,bet365,open,total_goals,over,2.5,1.91
841dcfde882ad6f72a3492084d622c34,bet365,open,total_goals,under,2.5,1.91
841dcfde882ad6f72a3492084d622c34,bet_and_win,open,1x2,away,,3.1
841dcfde882ad6f72a3492084d622c34,bet_and_win,open,1x2,draw,,3.4
841dcfde882ad6f72a3492084d622c34,bet_and_win,open,1x2,home,,2.25
841dcfde882ad6f72a3492084d622c34,betfair_exchange,open,1x2,away,,3.35
841dcfde882ad6f72a3492084d622c34,betfair_exchange,open,1x2,draw,,3.5
841dcfde882ad6f72a3492084d622c34,betfair_exchange,open,1x2,home,,2.36
841dcfde882ad6f72a3492084d622c34,betfair_exchange,open,asian_handicap,away,0.25,1.94
841dcfde882ad6f72a3492084d622c34,betfair_exchange,open,asian_handicap,home,-0.25,2.02
841dcfde882ad6f72a3492084d622c34,betfair_exchange,open,total_goals,over,2.5,1.97
841dcfde882ad6f72a3492084d622c34,betfair_exchange,open,total_goals,under,2.5,2.0
841dcfde882ad6f72a3492084d622c34,betfred,open,1x2,away,,3.0
841dcfde882ad6f72a3492084d622c34,betfred,open,1x2,draw,,3.5
841dcfde882ad6f72a3492084d622c34,betfred,open,1x2,home,,2.3
841dcfde882ad6f72a3492084d622c34,betvictor,open,1x2,away,,3.1
841dcfde882ad6f72a3492084d622c34,betvictor,open,1x2,draw,,3.5
841dcfde882ad6f72a3492084d622c34,betvictor,open,1x2,home,,2.25
841dcfde882ad6f72a3492084d622c34,market_avg,open,1x2,away,,3.03
841dcfde882ad6f72a3492084d622c34,market_avg,open,1x2,draw,,3.37
841dcfde882ad6f72a3492084d622c34,market_avg,open,1x2,home,,2.32
841dcfde882ad6f72a3492084d622c34,market_avg,open,asian_handicap,away,0.25,1.81
841dcfde882ad6f72a3492084d622c34,market_avg,open,asian_handicap,home,-0.25,1.93
841dcfde882ad6f72a3492084d622c34,market_avg,open,total_goals,over,2.5,1.89
841dcfde882ad6f72a3492084d622c34,market_avg,open,total_goals,under,2.5,1.86
841dcfde882ad6f72a3492084d622c34,market_max,open,1x2,away,,3.25
841dcfde882ad6f72a3492084d622c34,market_max,open,1x2,draw,,3.5
841dcfde882ad6f72a3492084d622c34,market_max,open,1x2,home,,3.0
841dcfde882ad6f72a3492084d622c34,market_max,open,asian_handicap,away,0.25,1.88
841dcfde882ad6f72a3492084d622c34,market_max,open,asian_handicap,home,-0.25,1.98
841dcfde882ad6f72a3492084d622c34,market_max,open,total_goals,over,2.5,2.5
841dcfde882ad6f72a3492084d622c34,market_max,open,total_goals,under,2.5,1.93
841dcfde882ad6f72a3492084d622c34,paddy_power,open,1x2,away,,3.1
841dcfde882ad6f72a3492084d622c34,paddy_power,open,1x2,draw,,3.3
841dcfde882ad6f72a3492084d622c34,paddy_power,open,1x2,home,,2.25
841dcfde882ad6f72a3492084d622c34,skybet,open,1x2,away,,3.1
841dcfde882ad6f72a3492084d622c34,skybet,open,1x2,draw,,3.25
841dcfde882ad6f72a3492084d622c34,skybet,open,1x2,home,,2.25
8a156bea2572555f2eebf872f0a3c2bf,bet365,open,1x2,away,,1.85
8a156bea2572555f2eebf872f0a3c2bf,bet365,open,1x2,draw,,3.6
8a156bea2572555f2eebf872f0a3c2bf,bet365,open,1x2,home,,4.2
8a156bea2572555f2eebf872f0a3c2bf,bet365,open,asian_handicap,away,-0.5,1.88
8a156bea2572555f2eebf872f0a3c2bf,bet365,open,asian_handicap,home,0.5,1.98
8a156bea2572555f2eebf872f0a3c2bf,bet365,open,total_goals,over,2.5,1.88
8a156bea2572555f2eebf872f0a3c2bf,bet365,open,total_goals,under,2.5,1.98
8a156bea2572555f2eebf872f0a3c2bf,bet_and_win,open,1x2,away,,1.85
8a156bea2572555f2eebf872f0a3c2bf,bet_and_win,open,1x2,draw,,3.6
8a156bea2572555f2eebf872f0a3c2bf,bet_and_win,open,1x2,home,,4.1
8a156bea2572555f2eebf872f0a3c2bf,betfair_exchange,open,1x2,away,,1.95
8a156bea2572555f2eebf872f0a3c2bf,betfair_exchange,open,1x2,draw,,3.85
8a156bea2572555f2eebf872f0a3c2bf,betfair_exchange,open,1x2,home,,4.3
8a156bea2572555f2eebf872f0a3c2bf,betfair_exchange,open,asian_handicap,away,-0.5,1.95
8a156bea2572555f2eebf872f0a3c2bf,betfair_exchange,open,asian_handicap,home,0.5,2.04
8a156bea2572555f2eebf872f0a3c2bf,betfair_exchange,open,total_goals,over,2.5,1.94
8a156bea2572555f2eebf872f0a3c2bf,betfair_exchange,open,total_goals,under,2.5,2.02
8a156bea2572555f2eebf872f0a3c2bf,betfred,open,1x2,away,,1.83
8a156bea2572555f2eebf872f0a3c2bf,betfred,open,1x2,draw,,3.75
8a156bea2572555f2eebf872f0a3c2bf,betfred,open,1x2,home,,4.0
8a156bea2572555f2eebf872f0a3c2bf,betvictor,open,1x2,away,,1.87
8a156bea2572555f2eebf872f0a3c2bf,betvictor,open,1x2,draw,,3.6
8a156bea2572555f2eebf872f0a3c2bf,betvictor,open,1x2,home,,4.1
8a156bea2572555f2eebf872f0a3c2bf,market_avg,open,1x2,away,,1.86
8a156bea2572555f2eebf872f0a3c2bf,market_avg,open,1x2,draw,,3.62
8a156bea2572555f2eebf872f0a3c2bf,market_avg,open,1x2,home,,4.04
8a156bea2572555f2eebf872f0a3c2bf,market_avg,open,asian_handicap,away,-0.5,1.82
8a156bea2572555f2eebf872f0a3c2bf,market_avg,open,asian_handicap,home,0.5,1.91
8a156bea2572555f2eebf872f0a3c2bf,market_avg,open,total_goals,over,2.5,1.83
8a156bea2572555f2eebf872f0a3c2bf,market_avg,open,total_goals,under,2.5,1.91
8a156bea2572555f2eebf872f0a3c2bf,market_max,open,1x2,away,,1.9
8a156bea2572555f2eebf872f0a3c2bf,market_max,open,1x2,draw,,3.75
8a156bea2572555f2eebf872f0a3c2bf,market_max,open,1x2,home,,4.2
8a156bea2572555f2eebf872f0a3c2bf,market_max,open,asian_handicap,away,-0.5,1.88
8a156bea2572555f2eebf872f0a3c2bf,market_max,open,asian_handicap,home,0.5,1.98
8a156bea2572555f2eebf872f0a3c2bf,market_max,open,total_goals,over,2.5,1.88
8a156bea2572555f2eebf872f0a3c2bf,market_max,open,total_goals,under,2.5,1.98
8a156bea2572555f2eebf872f0a3c2bf,paddy_power,open,1x2,away,,1.85
8a156bea2572555f2eebf872f0a3c2bf,paddy_power,open,1x2,draw,,3.6
8a156bea2572555f2eebf872f0a3c2bf,paddy_power,open,1x2,home,,4.0
8a156bea2572555f2eebf872f0a3c2bf,skybet,open,1x2,away,,1.85
8a156bea2572555f2eebf872f0a3c2bf,skybet,open,1x2,draw,,3.6
8a156bea2572555f2eebf872f0a3c2bf,skybet,open,1x2,home,,3.9
81ccc2c37034748dbc210fa5cd5e10e8,bet365,open,1x2,away,,12.0
81ccc2c37034748dbc210fa5cd5e10e8,bet365,open,1x2,draw,,8.0
81ccc2c37034748dbc210fa5cd5e10e8,bet365,open,1x2,home,,1.18
81ccc2c37034748dbc210fa5cd5e10e8,bet365,open,asian_handicap,away,2.25,1.78
81ccc2c37034748dbc210fa5cd5e10e8,bet365,open,asian_handicap,home,-2.25,2.03
81ccc2c37034748dbc210fa5cd5e10e8,bet365,open,total_goals,over,2.5,1.36
81ccc2c37034748dbc210fa5cd5e10e8,bet365,open,total_goals,under,2.5,3.2
81ccc2c37034748dbc210fa5cd5e10e8,bet_and_win,open,1x2,away,,12.5
81ccc2c37034748dbc210fa5cd5e10e8,bet_and_win,open,1x2,draw,,7.5
81ccc2c37034748dbc210fa5cd5e10e8,bet_and_win,open,1x2,home,,1.2
81ccc2c37034748dbc210fa5cd5e10e8,betfair_exchange,open,1x2,away,,18.0
81ccc2c37034748dbc210fa5cd5e10e8,betfair_exchange,open,1x2,draw,,8.8
81ccc2c37034748dbc210fa5cd5e10e8,betfair_exchange,open,1x2,home,,1.19
81ccc2c37034748dbc210fa5cd5e10e8,betfair_exchange,open,asian_handicap,away,2.25,1.91
81ccc2c37034748dbc210fa5cd5e10e8,betfair_exchange,open,asian_handicap,home,-2.25,2.05
81ccc2c37034748dbc210fa5cd5e10e8,betfair_exchange,open,total_goals,over,2.5,1.38
81ccc2c37034748dbc210fa5cd5e10e8,betfair_exchange,open,total_goals,under,2.5,3.5
81ccc2c37034748dbc210fa5cd5e10e8,betfred,open,1x2,away,,15.0
81ccc2c37034748dbc210fa5cd5e10e8,betfred,open,1x2,draw,,7.5
81ccc2c37034748dbc210fa5cd5e10e8,betfred,open,1x2,home,,1.17
81ccc2c37034748dbc210fa5cd5e10e8,betvictor,open,1x2,away,,15.0
81ccc2c37034748dbc210fa5cd5e10e8,betvictor,open,1x2,draw,,8.0
81ccc2c37034748dbc210fa5cd5e10e8,betvictor,open,1x2,home,,1.15
81ccc2c37034748dbc210fa5cd5e10e8,market_avg,open,1x2,away,,13.85
81ccc2c37034748dbc210fa5cd5e10e8,market_avg,open,1x2,draw,,7.64
81ccc2c37034748dbc210fa5cd5e10e8,market_avg,open,1x2,home,,1.17
81ccc2c37034748dbc210fa5cd5e10e8,market_avg,open,asian_handicap,away,2.25,1.77
81ccc2c37034748dbc210fa5cd5e10e8,market_avg,open,asian_handicap,home,-2.25,1.97
81ccc2c37034748dbc210fa5cd5e10e8,market_avg,open,total_goals,over,2.5,1.34
81ccc2c37034748dbc210fa5cd5e10e8,market_avg,open,total_goals,under,2.5,3.17
81ccc2c37034748dbc210fa5cd5e10e8,market_max,open,1x2,away,,15.5
81ccc2c37034748dbc210fa5cd5e10e8,market_max,open,1x2,draw,,8.5
81ccc2c37034748dbc210fa5cd5e10e8,market_max,open,1x2,home,,1.2
81ccc2c37034748dbc210fa5cd5e10e8,market_max,open,asian_handicap,away,2.25,1.83
81ccc2c37034748dbc210fa5cd5e10e8,market_max,open,asian_handicap,home,-2.25,2.03
81ccc2c37034748dbc210fa5cd5e10e8,market_max,open,total_goals,over,2.5,1.36
81ccc2c37034748dbc210fa5cd5e10e8,market_max,open,total_goals,under,2.5,3.25
81ccc2c37034748dbc210fa5cd5e10e8,paddy_power,open,1x2,away,,15.0
81ccc2c37034748dbc210fa5cd5e10e8,paddy_power,open,1x2,draw,,8.0
81ccc2c37034748dbc210fa5cd5e10e8,paddy_power,open,1x2,home,,1.14
81ccc2c37034748dbc210fa5cd5e10e8,skybet,open,1x2,away,,13.0
81ccc2c37034748dbc210fa5cd5e10e8,skybet,open,1x2,draw,,7.5
81ccc2c37034748dbc210fa5cd5e10e8,skybet,open,1x2,home,,1.14
2e89cdb1957e5ddb3fbbb05363e4eab6,bet365,open,1x2,away,,3.3
2e89cdb1957e5ddb3fbbb05363e4eab6,bet365,open,1x2,draw,,3.6
2e89cdb1957e5ddb3fbbb05363e4eab6,bet365,open,1x2,home,,2.1
2e89cdb1957e5ddb3fbbb05363e4eab6,bet365,open,asian_handicap,away,0.25,2.03
2e89cdb1957e5ddb3fbbb05363e4eab6,bet365,open,asian_handicap,home,-0.25,1.83
2e89cdb1957e5ddb3fbbb05363e4eab6,bet365,open,total_goals,over,2.5,1.57
2e89cdb1957e5ddb3fbbb05363e4eab6,bet365,open,total_goals,under,2.5,2.38
2e89cdb1957e5ddb3fbbb05363e4eab6,bet_and_win,open,1x2,away,,3.1
2e89cdb1957e5ddb3fbbb05363e4eab6,bet_and_win,open,1x2,draw,,3.75
2e89cdb1957e5ddb3fbbb05363e4eab6,bet_and_win,open,1x2,home,,2.1
2e89cdb1957e5ddb3fbbb05363e4eab6,betfair_exchange,open,1x2,away,,3.5
2e89cdb1957e5ddb3fbbb05363e4eab6,betfair_exchange,open,1x2,draw,,3.8
2e89cdb1957e5ddb3fbbb05363e4eab6,betfair_exchange,open,1x2,home,,2.18
2e89cdb1957e5ddb3fbbb05363e4eab6,betfair_exchange,open,asian_handicap,away,0.25,2.09
2e89cdb1957e5ddb3fbbb05363e4eab6,betfair_exchange,open,asian_handicap,home,-0.25,1.9
2e89cdb1957e5ddb3fbbb05363e4eab6,betfair_exchange,open,total_goals,over,2.5,1.64
2e89cdb1957e5ddb3fbbb05363e4eab6,betfair_exchange,open,total_goals,under,2.5,2.52
2e89cdb1957e5ddb3fbbb05363e4eab6,betfred,open,1x2,away,,3.1
2e89cdb1957e5ddb3fbbb05363e4eab6,betfred,open,1x2,draw,,3.75
2e89cdb1957e5ddb3fbbb05363e4eab6,betfred,open,1x2,home,,2.15
2e89cdb1957e5ddb3fbbb05363e4eab6,betvictor,open,1x2,away,,3.2
2e89cdb1957e5ddb3fbbb05363e4eab6,betvictor,open,1x2,draw,,3.8
2e89cdb1957e5ddb3fbbb05363e4eab6,betvictor,open,1x2,home,,2.1
2e89cdb1957e5ddb3fbbb05363e4eab6,market_avg,open,1x2,away,,3.19
2e89cdb1957e5ddb3fbbb05363e4eab6,market_avg,open,1x2,draw,,3.64
2e89cdb1957e5ddb3fbbb05363e4eab6,market_avg,open,1x2,home,,2.1
2e89cdb1957e5ddb3fbbb05363e4eab6,market_avg,open,asian_handicap,away,0.25,1.95
2e89cdb1957e5ddb3fbbb05363e4eab6,market_avg,open,asian_handicap,home,-0.25,1.8
2e89cdb1957e5ddb3fbbb05363e4eab6,market_avg,open,total_goals,over,2.5,1.55
2e89cdb1957e5ddb3fbbb05363e4eab6,market_avg,open,total_goals,under,2.5,2.37
2e89cdb1957e5ddb3fbbb05363e4eab6,market_max,open,1x2,away,,3.3
2e89cdb1957e5ddb3fbbb05363e4eab6,market_max,open,1x2,draw,,3.8
2e89cdb1957e5ddb3fbbb05363e4eab6,market_max,open,1x2,home,,2.15
2e89cdb1957e5ddb3fbbb05363e4eab6,market_max,open,asian_handicap,away,0.25,2.03
2e89cdb1957e5ddb3fbbb05363e4eab6,market_max,open,asian_handicap,home,-0.25,1.83
2e89cdb1957e5ddb3fbbb05363e4eab6,market_max,open,total_goals,over,2.5,1.6
2e89cdb1957e5ddb3fbbb05363e4eab6,market_max,open,total_goals,under,2.5,2.4
2e89cdb1957e5ddb3fbbb05363e4eab6,paddy_power,open,1x2,away,,3.3
2e89cdb1957e5ddb3fbbb05363e4eab6,paddy_power,open,1x2,draw,,3.5
2e89cdb1957e5ddb3fbbb05363e4eab6,paddy_power,open,1x2,home,,2.05
2e89cdb1957e5ddb3fbbb05363e4eab6,skybet,open,1x2,away,,3.25
2e89cdb1957e5ddb3fbbb05363e4eab6,skybet,open,1x2,draw,,3.5
2e89cdb1957e5ddb3fbbb05363e4eab6,skybet,open,1x2,home,,2.05
f27420e3fb3ad2afac0a82f0a0dcb689,bet365,open,1x2,away,,2.9
f27420e3fb3ad2afac0a82f0a0dcb689,bet365,open,1x2,draw,,3.4
f27420e3fb3ad2afac0a82f0a0dcb689,bet365,open,1x2,home,,2.4
f27420e3fb3ad2afac0a82f0a0dcb689,bet365,open,asian_handicap,away,0.25,1.8
f27420e3fb3ad2afac0a82f0a0dcb689,bet365,open,asian_handicap,home,-0.25,2.05
f27420e3fb3ad2afac0a82f0a0dcb689,bet365,open,total_goals,over,2.5,1.91
f27420e3fb3ad2afac0a82f0a0dcb689,bet365,open,total_goals,under,2.5,1.91
f27420e3fb3ad2afac0a82f0a0dcb689,bet_and_win,open,1x2,away,,2.87
f27420e3fb3ad2afac0a82f0a0dcb689,bet_and_win,open,1x2,draw,,3.25
f27420e3fb3ad2afac0a82f0a0dcb689,bet_and_win,open,1x2,home,,2.45
f27420e3fb3ad2afac0a82f0a0dcb689,betfair_exchange,open,1x2,away,,3.05
f27420e3fb3ad2afac0a82f0a0dcb689,betfair_exchange,open,1x2,draw,,3.55
f27420e3fb3ad2afac0a82f0a0dcb689,betfair_exchange,open,1x2,home,,2.52
f27420e3fb3ad2afac0a82f0a0dcb689,betfair_exchange,open,asian_handicap,away,0.25,1.84
f27420e3fb3ad2afac0a82f0a0dcb689,betfair_exchange,open,asian_handicap,home,-0.25,2.16
f27420e3fb3ad2afac0a82f0a0dcb689,betfair_exchange,open,total_goals,over,2.5,1.98
f27420e3fb3ad2afac0a82f0a0dcb689,betfair_exchange,open,total_goals,under,2.5,1.99
f27420e3fb3ad2afac0a82f0a0dcb689,betfred,open,1x2,away,,2.88
f27420e3fb3ad2afac0a82f0a0dcb689,betfred,open,1x2,draw,,3.4
f27420e3fb3ad2afac0a82f0a0dcb689,betfred,open,1x2,home,,2.4
f27420e3fb3ad2afac0a82f0a0dcb689,betvictor,open,1x2,away,,2.9
f27420e3fb3ad2afac0a82f0a0dcb689,betvictor,open,1x2,draw,,3.4
f27420e3fb3ad2afac0a82f0a0dcb689,betvictor,open,1x2,home,,2.38
f27420e3fb3ad2afac0a82f0a0dcb689,market_avg,open,1x2,away,,2.86
f27420e3fb3ad2afac0a82f0a0dcb689,market_avg,open,1x2,draw,,3.36
f27420e3fb3ad2afac0a82f0a0dcb689,market_avg,open,1x2,home,,2.4
f27420e3fb3ad2afac0a82f0a0dcb689,market_avg,open,asian_handicap,away,0.25,1.75
f27420e3fb3ad2afac0a82f0a0dcb689,market_avg,open,asian_handicap,home,-0.25,2.0
f27420e3fb3ad2afac0a82f0a0dcb689,market_avg,open,total_goals,over,2.5,1.91
f27420e3fb3ad2afac0a82f0a0dcb689,market_avg,open,total_goals,under,2.5,1.83
f27420e3fb3ad2afac0a82f0a0dcb689,market_max,open,1x2,away,,2.9
f27420e3fb3ad2afac0a82f0a0dcb689,market_max,open,1x2,draw,,3.4
f27420e3fb3ad2afac0a82f0a0dcb689,market_max,open,1x2,home,,2.5
f27420e3fb3ad2afac0a82f0a0dcb689,market_max,open,asian_handicap,away,0.25,1.8
f27420e3fb3ad2afac0a82f0a0dcb689,market_max,open,asian_handicap,home,-0.25,2.05
f27420e3fb3ad2afac0a82f0a0dcb689,market_max,open,total_goals,over,2.5,2.38
f27420e3fb3ad2afac0a82f0a0dcb689,market_max,open,total_goals,under,2.5,1.91
f27420e3fb3ad2afac0a82f0a0dcb689,paddy_power,open,1x2,away,,2.88
f27420e3fb3ad2afac0a82f0a0dcb689,paddy_power,open,1x2,draw,,3.3
f27420e3fb3ad2afac0a82f0a0dcb689,paddy_power,open,1x2,home,,2.38
f27420e3fb3ad2afac0a82f0a0dcb689,skybet,open,1x2,away,,2.88
f27420e3fb3ad2afac0a82f0a0dcb689,skybet,open,1x2,draw,,3.3
f27420e3fb3ad2afac0a82f0a0dcb689,skybet,open,1x2,home,,2.38
9d702b40e566c5d377b315a6687c8699,bet365,open,1x2,away,,2.7
9d702b40e566c5d377b315a6687c8699,bet365,open,1x2,draw,,3.25
9d702b40e566c5d377b315a6687c8699,bet365,open,1x2,home,,2.63
9d702b40e566c5d377b315a6687c8699,bet365,open,asian_handicap,away,0.0,1.98
9d702b40e566c5d377b315a6687c8699,bet365,open,asian_handicap,home,0.0,1.88
9d702b40e566c5d377b315a6687c8699,bet365,open,total_goals,over,2.5,2.1
9d702b40e566c5d377b315a6687c8699,bet365,open,total_goals,under,2.5,1.73
9d702b40e566c5d377b315a6687c8699,bet_and_win,open,1x2,away,,2.75
9d702b40e566c5d377b315a6687c8699,bet_and_win,open,1x2,draw,,3.25
9d702b40e566c5d377b315a6687c8699,bet_and_win,open,1x2,home,,2.55
9d702b40e566c5d377b315a6687c8699,betfair_exchange,open,1x2,away,,2.92
9d702b40e566c5d377b315a6687c8699,betfair_exchange,open,1x2,draw,,3.4
9d702b40e566c5d377b315a6687c8699,betfair_exchange,open,1x2,home,,2.72
9d702b40e566c5d377b315a6687c8699,betfair_exchange,open,asian_handicap,away,0.0,2.06
9d702b40e566c5d377b315a6687c8699,betfair_exchange,open,asian_handicap,home,0.0,1.92
9d702b40e566c5d377b315a6687c8699,betfair_exchange,open,total_goals,over,2.5,2.14
9d702b40e566c5d377b315a6687c8699,betfair_exchange,open,total_goals,under,2.5,1.79
9d702b40e566c5d377b315a6687c8699,betfred,open,1x2,away,,2.63
9d702b40e566c5d377b315a6687c8699,betfred,open,1x2,draw,,3.4
9d702b40e566c5d377b315a6687c8699,betfred,open,1x2,home,,2.63
9d702b40e566c5d377b315a6687c8699,betvictor,open,1x2,away,,2.63
9d702b40e566c5d377b315a6687c8699,betvictor,open,1x2,draw,,3.13
9d702b40e566c5d377b315a6687c8699,betvictor,open,1x2,home,,2.55
9d702b40e566c5d377b315a6687c8699,market_avg,open,1x2,away,,2.7
9d702b40e566c5d377b315a6687c8699,market_avg,open,1x2,draw,,3.23
9d702b40e566c5d377b315a6687c8699,market_avg,open,1x2,home,,2.59
9d702b40e566c5d377b315a6687c8699,market_avg,open,asian_handicap,away,0.0,1.9
9d702b40e566c5d377b315a6687c8699,market_avg,open,asian_handicap,home,0.0,1.83
9d702b40e566c5d377b315a6687c8699,market_avg,open,total_goals,over,2.5,2.04
9d702b40e566c5d377b315a6687c8699,market_avg,open,total_goals,under,2.5,1.72
9d702b40e566c5d377b315a6687c8699,market_max,open,1x2,away,,2.75
9d702b40e566c5d377b315a6687c8699,market_max,open,1x2,draw,,3.4
9d702b40e566c5d377b315a6687c8699,market_max,open,1x2,home,,2.7
9d702b40e566c5d377b315a6687c8699,market_max,open,asian_handicap,away,0.0,1.98
9d702b40e566c5d377b315a6687c8699,market_max,open,asian_handicap,home,0.0,1.88
9d702b40e566c5d377b315a6687c8699,market_max,open,total_goals,over,2.5,2.1
9d702b40e566c5d377b315a6687c8699,market_max,open,total_goals,under,2.5,1.75
9d702b40e566c5d377b315a6687c8699,paddy_power,open,1x2,away,,2.75
9d702b40e566c5d377b315a6687c8699,paddy_power,open,1x2,draw,,3.2
9d702b40e566c5d377b315a6687c8699,paddy_power,open,1x2,home,,2.6
9d702b40e566c5d377b315a6687c8699,skybet,open,1x2,away,,2.75
9d702b40e566c5d377b315a6687c8699,skybet,open,1x2,draw,,3.2
9d702b40e566c5d377b315a6687c8699,skybet,open,1x2,home,,2.6
d9d67f8fa8270401bdff8bb84333cb53,bet365,open,1x2,away,,7.0
d9d67f8fa8270401bdff8bb84333cb53,bet365,open,1x2,draw,,4.33
d9d67f8fa8270401bdff8bb84333cb53,bet365,open,1x2,home,,1.45
d9d67f8fa8270401bdff8bb84333cb53,bet365,open,asian_handicap,away,1.25,1.8
d9d67f8fa8270401bdff8bb84333cb53,bet365,open,asian_handicap,home,-1.25,2.05
d9d67f8fa8270401bdff8bb84333cb53,bet365,open,total_goals,over,2.5,1.62
d9d67f8fa8270401bdff8bb84333cb53,bet365,open,total_goals,under,2.5,2.3
d9d67f8fa8270401bdff8bb84333cb53,bet_and_win,open,1x2,away,,6.25
d9d67f8fa8270401bdff8bb84333cb53,bet_and_win,open,1x2,draw,,4.6
d9d67f8fa8270401bdff8bb84333cb53,bet_and_win,open,1x2,home,,1.47
d9d67f8fa8270401bdff8bb84333cb53,betfair_exchange,open,1x2,away,,7.0
d9d67f8fa8270401bdff8bb84333cb53,betfair_exchange,open,1x2,draw,,4.8
d9d67f8fa8270401bdff8bb84333cb53,betfair_exchange,open,1x2,home,,1.5
d9d67f8fa8270401bdff8bb84333cb53,betfair_exchange,open,asian_handicap,away,1.25,1.86
d9d67f8fa8270401bdff8bb84333cb53,betfair_exchange,open,asian_handicap,home,-1.25,2.09
d9d67f8fa8270401bdff8bb84333cb53,betfair_exchange,open,total_goals,over,2.5,1.69
d9d67f8fa8270401bdff8bb84333cb53,betfair_exchange,open,total_goals,under,2.5,2.36
d9d67f8fa8270401bdff8bb84333cb53,betfred,open,1x2,away,,6.5
d9d67f8fa8270401bdff8bb84333cb53,betfred,open,1x2,draw,,4.5
d9d67f8fa8270401bdff8bb84333cb53,betfred,open,1x2,home,,1.5
d9d67f8fa8270401bdff8bb84333cb53,betvictor,open,1x2,away,,6.0
d9d67f8fa8270401bdff8bb84333cb53,betvictor,open,1x2,draw,,4.33
d9d67f8fa8270401bdff8bb84333cb53,betvictor,open,1x2,home,,1.44
d9d67f8fa8270401bdff8bb84333cb53,market_avg,open,1x2,away,,6.33
d9d67f8fa8270401bdff8bb84333cb53,market_avg,open,1x2,draw,,4.46
d9d67f8fa8270401bdff8bb84333cb53,market_avg,open,1x2,home,,1.45
d9d67f8fa8270401bdff8bb84333cb53,market_avg,open,asian_handicap,away,1.25,1.78
d9d67f8fa8270401bdff8bb84333cb53,market_avg,open,asian_handicap,home,-1.25,1.97
d9d67f8fa8270401bdff8bb84333cb53,market_avg,open,total_goals,over,2.5,1.62
d9d67f8fa8270401bdff8bb84333cb53,market_avg,open,total_goals,under,2.5,2.23
d9d67f8fa8270401bdff8bb84333cb53,market_max,open,1x2,away,,7.0
d9d67f8fa8270401bdff8bb84333cb53,market_max,open,1x2,draw,,4.75
d9d67f8fa8270401bdff8bb84333cb53,market_max,open,1x2,home,,1.5
d9d67f8fa8270401bdff8bb84333cb53,market_max,open,asian_handicap,away,1.25,1.83
d9d67f8fa8270401bdff8bb84333cb53,market_max,open,asian_handicap,home,-1.25,2.05
d9d67f8fa8270401bdff8bb84333cb53,market_max,open,total_goals,over,2.5,1.65
d9d67f8fa8270401bdff8bb84333cb53,market_max,open,total_goals,under,2.5,2.3
d9d67f8fa8270401bdff8bb84333cb53,paddy_power,open,1x2,away,,6.0
d9d67f8fa8270401bdff8bb84333cb53,paddy_power,open,1x2,draw,,4.5
d9d67f8fa8270401bdff8bb84333cb53,paddy_power,open,1x2,home,,1.44
d9d67f8fa8270401bdff8bb84333cb53,skybet,open,1x2,away,,6.0
d9d67f8fa8270401bdff8bb84333cb53,skybet,open,1x2,draw,,4.5
d9d67f8fa8270401bdff8bb84333cb53,skybet,open,1x2,home,,1.44
85419557545c466aac880bef48143654,bet365,open,1x2,away,,4.33
85419557545c466aac880bef48143654,bet365,open,1x2,draw,,3.6
85419557545c466aac880bef48143654,bet365,open,1x2,home,,1.85
85419557545c466aac880bef48143654,bet365,open,asian_handicap,away,0.5,2.0
85419557545c466aac880bef48143654,bet365,open,asian_handicap,home,-0.5,1.85
85419557545c466aac880bef48143654,bet365,open,total_goals,over,2.5,1.91
85419557545c466aac880bef48143654,bet365,open,total_goals,under,2.5,1.91
85419557545c466aac880bef48143654,bet_and_win,open,1x2,away,,4.2
85419557545c466aac880bef48143654,bet_and_win,open,1x2,draw,,3.7
85419557545c466aac880bef48143654,bet_and_win,open,1x2,home,,1.83
85419557545c466aac880bef48143654,betfair_exchange,open,1x2,away,,4.5
85419557545c466aac880bef48143654,betfair_exchange,open,1x2,draw,,3.85
85419557545c466aac880bef48143654,betfair_exchange,open,1x2,home,,1.91
85419557545c466aac880bef48143654,betfair_exchange,open,asian_handicap,away,0.5,2.07
85419557545c466aac880bef48143654,betfair_exchange,open,asian_handicap,home,-0.5,1.91
85419557545c466aac880bef48143654,betfair_exchange,open,total_goals,over,2.5,1.9
85419557545c466aac880bef48143654,betfair_exchange,open,total_goals,under,2.5,2.04
85419557545c466aac880bef48143654,betfred,open,1x2,away,,4.2
85419557545c466aac880bef48143654,betfred,open,1x2,draw,,3.75
85419557545c466aac880bef48143654,betfred,open,1x2,home,,1.83
85419557545c466aac880bef48143654,betvictor,open,1x2,away,,4.0
85419557545c466aac880bef48143654,betvictor,open,1x2,draw,,3.5
85419557545c466aac880bef48143654,betvictor,open,1x2,home,,1.8
85419557545c466aac880bef48143654,market_avg,open,1x2,away,,4.15
85419557545c466aac880bef48143654,market_avg,open,1x2,draw,,3.63
85419557545c466aac880bef48143654,market_avg,open,1x2,home,,1.83
85419557545c466aac880bef48143654,market_avg,open,asian_handicap,away,0.5,1.95
85419557545c466aac880bef48143654,market_avg,open,asian_handicap,home,-0.5,1.79
85419557545c466aac880bef48143654,market_avg,open,total_goals,over,2.5,1.83
85419557545c466aac880bef48143654,market_avg,open,total_goals,under,2.5,1.9
85419557545c466aac880bef48143654,market_max,open,1x2,away,,4.4
85419557545c466aac880bef48143654,market_max,open,1x2,draw,,3.75
85419557545c466aac880bef48143654,market_max,open,1x2,home,,1.88
85419557545c466aac880bef48143654,market_max,open,asian_handicap,away,0.5,2.0
85419557545c466aac880bef48143654,market_max,open,asian_handicap,home,-0.5,1.85
85419557545c466aac880bef48143654,market_max,open,total_goals,over,2.5,1.91
85419557545c466aac880bef48143654,market_max,open,total_goals,under,2.5,1.95
85419557545c466aac880bef48143654,paddy_power,open,1x2,away,,4.2
85419557545c466aac880bef48143654,paddy_power,open,1x2,draw,,3.75
85419557545c466aac880bef48143654,paddy_power,open,1x2,home,,1.8
85419557545c466aac880bef48143654,skybet,open,1x2,away,,4.0
85419557545c466aac880bef48143654,skybet,open,1x2,draw,,3.6
85419557545c466aac880bef48143654,skybet,open,1x2,home,,1.8
b36ad39b60d2f225c2116e541893ea34,bet365,open,1x2,away,,4.5
b36ad39b60d2f225c2116e541893ea34,bet365,open,1x2,draw,,3.3
b36ad39b60d2f225c2116e541893ea34,bet365,open,1x2,home,,1.9
b36ad39b60d2f225c2116e541893ea34,bet365,open,asian_handicap,away,0.5,1.93
b36ad39b60d2f225c2116e541893ea34,bet365,open,asian_handicap,home,-0.5,1.93
b36ad39b60d2f225c2116e541893ea34,bet365,open,total_goals,over,2.5,2.1
b36ad39b60d2f225c2116e541893ea34,bet365,open,total_goals,under,2.5,1.73
b36ad39b60d2f225c2116e541893ea34,bet_and_win,open,1x2,away,,4.4
b36ad39b60d2f225c2116e541893ea34,bet_and_win,open,1x2,draw,,3.25
b36ad39b60d2f225c2116e541893ea34,bet_and_win,open,1x2,home,,1.9
b36ad39b60d2f225c2116e541893ea34,betfair_exchange,open,1x2,away,,4.7
b36ad39b60d2f225c2116e541893ea34,betfair_exchange,open,1x2,draw,,3.45
b36ad39b60d2f225c2116e541893ea34,betfair_exchange,open,1x2,home,,2.0
b36ad39b60d2f225c2116e541893ea34,betfair_exchange,open,asian_handicap,away,0.5,1.98
b36ad39b60d2f225c2116e541893ea34,betfair_exchange,open,asian_handicap,home,-0.5,2.0
b36ad39b60d2f225c2116e541893ea34,betfair_exchange,open,total_goals,over,2.5,2.2
b36ad39b60d2f225c2116e541893ea34,betfair_exchange,open,total_goals,under,2.5,1.79
b36ad39b60d2f225c2116e541893ea34,betfred,open,1x2,away,,4.2
b36ad39b60d2f225c2116e541893ea34,betfred,open,1x2,draw,,3.4
b36ad39b60d2f225c2116e541893ea34,betfred,open,1x2,home,,1.91
b36ad39b60d2f225c2116e541893ea34,betvictor,open,1x2,away,,4.1
b36ad39b60d2f225c2116e541893ea34,betvictor,open,1x2,draw,,3.4
b36ad39b60d2f225c2116e541893ea34,betvictor,open,1x2,home,,1.91
b36ad39b60d2f225c2116e541893ea34,market_avg,open,1x2,away,,4.31
b36ad39b60d2f225c2116e541893ea34,market_avg,open,1x2,draw,,3.3
b36ad39b60d2f225c2116e541893ea34,market_avg,open,1x2,home,,1.91
b36ad39b60d2f225c2116e541893ea34,market_avg,open,asian_handicap,away,0.5,1.87
b36ad39b60d2f225c2116e541893ea34,market_avg,open,asian_handicap,home,-0.5,1.85
b36ad39b60d2f225c2116e541893ea34,market_avg,open,total_goals,over,2.5,2.09
b36ad39b60d2f225c2116e541893ea34,market_avg,open,total_goals,under,2.5,1.7
b36ad39b60d2f225c2116e541893ea34,market_max,open,1x2,away,,4.5
b36ad39b60d2f225c2116e541893ea34,market_max,open,1x2,draw,,3.4
b36ad39b60d2f225c2116e541893ea34,market_max,open,1x2,home,,1.94
b36ad39b60d2f225c2116e541893ea34,market_max,open,asian_handicap,away,0.5,1.93
b36ad39b60d2f225c2116e541893ea34,market_max,open,asian_handicap,home,-0.5,1.93
b36ad39b60d2f225c2116e541893ea34,market_max,open,total_goals,over,2.5,2.1
b36ad39b60d2f225c2116e541893ea34,market_max,open,total_goals,under,2.5,1.73
b36ad39b60d2f225c2116e541893ea34,paddy_power,open,1x2,away,,4.5
b36ad39b60d2f225c2116e541893ea34,paddy_power,open,1x2,draw,,3.2
b36ad39b60d2f225c2116e541893ea34,paddy_power,open,1x2,home,,1.9
b36ad39b60d2f225c2116e541893ea34,skybet,open,1x2,away,,4.33
b36ad39b60d2f225c2116e541893ea34,skybet,open,1x2,draw,,3.2
b36ad39b60d2f225c2116e541893ea34,skybet,open,1x2,home,,1.91
f0b5369f379573d829f2ab8bc93e188f,bet365,open,1x2,away,,5.5
f0b5369f379573d829f2ab8bc93e188f,bet365,open,1x2,draw,,3.6
f0b5369f379573d829f2ab8bc93e188f,bet365,open,1x2,home,,1.67
f0b5369f379573d829f2ab8bc93e188f,bet365,open,asian_handicap,away,0.75,2.03
f0b5369f379573d829f2ab8bc93e188f,bet365,open,asian_handicap,home,-0.75,1.83
f0b5369f379573d829f2ab8bc93e188f,bet365,open,total_goals,over,2.5,2.05
f0b5369f379573d829f2ab8bc93e188f,bet365,open,total_goals,under,2.5,1.8
f0b5369f379573d829f2ab8bc93e188f,bet_and_win,open,1x2,away,,5.25
f0b5369f379573d829f2ab8bc93e188f,bet_and_win,open,1x2,draw,,3.7
f0b5369f379573d829f2ab8bc93e188f,bet_and_win,open,1x2,home,,1.68
f0b5369f379573d829f2ab8bc93e188f,betfair_exchange,open,1x2,away,,6.0
f0b5369f379573d829f2ab8bc93e188f,betfair_exchange,open,1x2,draw,,3.95
f0b5369f379573d829f2ab8bc93e188f,betfair_exchange,open,1x2,home,,1.7
f0b5369f379573d829f2ab8bc93e188f,betfair_exchange,open,asian_handicap,away,0.75,2.07
f0b5369f379573d829f2ab8bc93e188f,betfair_exchange,open,asian_handicap,home,-0.75,1.9
f0b5369f379573d829f2ab8bc93e188f,betfair_exchange,open,total_goals,over,2.5,2.1
f0b5369f379573d829f2ab8bc93e188f,betfair_exchange,open,total_goals,under,2.5,1.87
f0b5369f379573d829f2ab8bc93e188f,betfred,open,1x2,away,,5.5
f0b5369f379573d829f2ab8bc93e188f,betfred,open,1x2,draw,,3.75
f0b5369f379573d829f2ab8bc93e188f,betfred,open,1x2,home,,1.67
f0b5369f379573d829f2ab8bc93e188f,betvictor,open,1x2,away,,5.5
f0b5369f379573d829f2ab8bc93e188f,betvictor,open,1x2,draw,,3.8
f0b5369f379573d829f2ab8bc93e188f,betvictor,open,1x2,home,,1.62
f0b5369f379573d829f2ab8bc93e188f,market_avg,open,1x2,away,,5.42
f0b5369f379573d829f2ab8bc93e188f,market_avg,open,1x2,draw,,3.72
f0b5369f379573d829f2ab8bc93e188f,market_avg,open,1x2,home,,1.64
f0b5369f379573d829f2ab8bc93e188f,market_avg,open,asian_handicap,away,0.75,1.96
f0b5369f379573d829f2ab8bc93e188f,market_avg,open,asian_handicap,home,-0.75,1.79
f0b5369f379573d829f2ab8bc93e188f,market_avg,open,total_goals,over,2.5,1.99
f0b5369f379573d829f2ab8bc93e188f,market_avg,open,total_goals,under,2.5,1.77
f0b5369f379573d829f2ab8bc93e188f,market_max,open,1x2,away,,5.5
f0b5369f379573d829f2ab8bc93e188f,market_max,open,1x2,draw,,3.8
f0b5369f379573d829f2ab8bc93e188f,market_max,open,1x2,home,,1.68
f0b5369f379573d829f2ab8bc93e188f,market_max,open,asian_handicap,away,0.75,2.03
f0b5369f379573d829f2ab8bc93e188f,market_max,open,asian_handicap,home,-0.75,1.83
f0b5369f379573d829f2ab8bc93e188f,market_max,open,total_goals,over,2.5,2.05
f0b5369f379573d829f2ab8bc93e188f,market_max,open,total_goals,under,2.5,1.8
f0b5369f379573d829f2ab8bc93e188f,paddy_power,open,1x2,away,,5.5
f0b5369f379573d829f2ab8bc93e188f,paddy_power,open,1x2,draw,,3.7
f0b5369f379573d829f2ab8bc93e188f,paddy_power,open,1x2,home,,1.62
f0b5369f379573d829f2ab8bc93e188f,skybet,open,1x2,away,,5.5
f0b5369f379573d829f2ab8bc93e188f,skybet,open,1x2,draw,,3.6
f0b5369f379573d829f2ab8bc93e188f,skybet,open,1x2,home,,1.62
5066fc18d1d11cf33b653ce6bd86eb51,bet365,open,1x2,away,,5.0
5066fc18d1d11cf33b653ce6bd86eb51,bet365,open,1x2,draw,,3.6
5066fc18d1d11cf33b653ce6bd86eb51,bet365,open,1x2,home,,1.73
5066fc18d1d11cf33b653ce6bd86eb51,bet365,open,asian_handicap,away,0.75,1.93
5066fc18d1d11cf33b653ce6bd86eb51,bet365,open,asian_handicap,home,-0.75,1.93
5066fc18d1d11cf33b653ce6bd86eb51,bet365,open,total_goals,over,2.5,1.93
5066fc18d1d11cf33b653ce6bd86eb51,bet365,open,total_goals,under,2.5,1.93
5066fc18d1d11cf33b653ce6bd86eb51,bet_and_win,open,1x2,away,,4.8
5066fc18d1d11cf33b653ce6bd86eb51,bet_and_win,open,1x2,draw,,3.75
5066fc18d1d11cf33b653ce6bd86eb51,bet_and_win,open,1x2,home,,1.71
5066fc18d1d11cf33b653ce6bd86eb51,betfair_exchange,open,1x2,away,,5.2
5066fc18d1d11cf33b653ce6bd86eb51,betfair_exchange,open,1x2,draw,,3.95
5066fc18d1d11cf33b653ce6bd86eb51,betfair_exchange,open,1x2,home,,1.79
5066fc18d1d11cf33b653ce6bd86eb51,betfair_exchange,open,asian_handicap,away,0.75,1.95
5066fc18d1d11cf33b653ce6bd86eb51,betfair_exchange,open,asian_handicap,home,-0.75,2.02
5066fc18d1d11cf33b653ce6bd86eb51,betfair_exchange,open,total_goals,over,2.5,1.98
5066fc18d1d11cf33b653ce6bd86eb51,betfair_exchange,open,total_goals,under,2.5,1.97
5066fc18d1d11cf33b653ce6bd86eb51,betfred,open,1x2,away,,4.6
5066fc18d1d11cf33b653ce6bd86eb51,betfred,open,1x2,draw,,3.75
5066fc18d1d11cf33b653ce6bd86eb51,betfred,open,1x2,home,,1.73
5066fc18d1d11cf33b653ce6bd86eb51,betvictor,open,1x2,away,,4.8
5066fc18d1d11cf33b653ce6bd86eb51,betvictor,open,1x2,draw,,3.8
5066fc18d1d11cf33b653ce6bd86eb51,betvictor,open,1x2,home,,1.7
5066fc18d1d11cf33b653ce6bd86eb51,market_avg,open,1x2,away,,4.77
5066fc18d1d11cf33b653ce6bd86eb51,market_avg,open,1x2,draw,,3.72
5066fc18d1d11cf33b653ce6bd86eb51,market_avg,open,1x2,home,,1.71
5066fc18d1d11cf33b653ce6bd86eb51,market_avg,open,asian_handicap,away,0.75,1.87
5066fc18d1d11cf33b653ce6bd86eb51,market_avg,open,asian_handicap,home,-0.75,1.87
5066fc18d1d11cf33b653ce6bd86eb51,market_avg,open,total_goals,over,2.5,1.88
5066fc18d1d11cf33b653ce6bd86eb51,market_avg,open,total_goals,under,2.5,1.86
5066fc18d1d11cf33b653ce6bd86eb51,market_max,open,1x2,away,,5.1
5066fc18d1d11cf33b653ce6bd86eb51,market_max,open,1x2,draw,,3.8
5066fc18d1d11cf33b653ce6bd86eb51,market_max,open,1x2,home,,1.75
5066fc18d1d11cf33b653ce6bd86eb51,market_max,open,asian_handicap,away,0.75,1.93
5066fc18d1d11cf33b653ce6bd86eb51,market_max,open,asian_handicap,home,-0.75,1.93
5066fc18d1d11cf33b653ce6bd86eb51,market_max,open,total_goals,over,2.5,1.93
5066fc18d1d11cf33b653ce6bd86eb51,market_max,open,total_goals,under,2.5,1.93
5066fc18d1d11cf33b653ce6bd86eb51,paddy_power,open,1x2,away,,4.75
5066fc18d1d11cf33b653ce6bd86eb51,paddy_power,open,1x2,draw,,3.7
5066fc18d1d11cf33b653ce6bd86eb51,paddy_power,open,1x2,home,,1.7
5066fc18d1d11cf33b653ce6bd86eb51,skybet,open,1x2,away,,4.75
5066fc18d1d11cf33b653ce6bd86eb51,skybet,open,1x2,draw,,3.6
5066fc18d1d11cf33b653ce6bd86eb51,skybet,open,1x2,home,,1.7
802e92d1fab257cb5a94f853a8562d36,bet365,open,1x2,away,,2.3
802e92d1fab257cb5a94f853a8562d36,bet365,open,1x2,draw,,3.3
802e92d1fab257cb5a94f853a8562d36,bet365,open,1x2,home,,3.1
802e92d1fab257cb5a94f853a8562d36,bet365,open,asian_handicap,away,-0.25,2.0
802e92d1fab257cb5a94f853a8562d36,bet365,open,asian_handicap,home,0.25,1.85
802e92d1fab257cb5a94f853a8562d36,bet365,open,total_goals,over,2.5,1.91
802e92d1fab257cb5a94f853a8562d36,bet365,open,total_goals,under,2.5,1.91
802e92d1fab257cb5a94f853a8562d36,bet_and_win,open,1x2,away,,2.35
802e92d1fab257cb5a94f853a8562d36,bet_and_win,open,1x2,draw,,3.4
802e92d1fab257cb5a94f853a8562d36,bet_and_win,open,1x2,home,,2.9
802e92d1fab257cb5a94f853a8562d36,betfair_exchange,open,1x2,away,,2.4
802e92d1fab257cb5a94f853a8562d36,betfair_exchange,open,1x2,draw,,3.55
802e92d1fab257cb5a94f853a8562d36,betfair_exchange,open,1x2,home,,3.3
802e92d1fab257cb5a94f853a8562d36,betfair_exchange,open,asian_handicap,away,-0.25,2.06
802e92d1fab257cb5a94f853a8562d36,betfair_exchange,open,asian_handicap,home,0.25,1.9
802e92d1fab257cb5a94f853a8562d36,betfair_exchange,open,total_goals,over,2.5,1.96
802e92d1fab257cb5a94f853a8562d36,betfair_exchange,open,total_goals,under,2.5,1.99
802e92d1fab257cb5a94f853a8562d36,betfred,open,1x2,away,,2.38
802e92d1fab257cb5a94f853a8562d36,betfred,open,1x2,draw,,3.5
802e92d1fab257cb5a94f853a8562d36,betfred,open,1x2,home,,2.88
802e92d1fab257cb5a94f853a8562d36,betvictor,open,1x2,away,,2.3
802e92d1fab257cb5a94f853a8562d36,betvictor,open,1x2,draw,,3.5
802e92d1fab257cb5a94f853a8562d36,betvictor,open,1x2,home,,3.0
802e92d1fab257cb5a94f853a8562d36,market_avg,open,1x2,away,,2.33
802e92d1fab257cb5a94f853a8562d36,market_avg,open,1x2,draw,,3.41
802e92d1fab257cb5a94f853a8562d36,market_avg,open,1x2,home,,2.97
802e92d1fab257cb5a94f853a8562d36,market_avg,open,asian_handicap,away,-0.25,1.95
802e92d1fab257cb5a94f853a8562d36,market_avg,open,asian_handicap,home,0.25,1.8
802e92d1fab257cb5a94f853a8562d36,market_avg,open,total_goals,over,2.5,1.85
802e92d1fab257cb5a94f853a8562d36,market_avg,open,total_goals,under,2.5,1.89
802e92d1fab257cb5a94f853a8562d36,market_max,open,1x2,away,,2.38
802e92d1fab257cb5a94f853a8562d36,market_max,open,1x2,draw,,3.5
802e92d1fab257cb5a94f853a8562d36,market_max,open,1x2,home,,3.1
802e92d1fab257cb5a94f853a8562d36,market_max,open,asian_handicap,away,-0.25,2.0
802e92d1fab257cb5a94f853a8562d36,market_max,open,asian_handicap,home,0.25,1.85
802e92d1fab257cb5a94f853a8562d36,market_max,open,total_goals,over,2.5,1.91
802e92d1fab257cb5a94f853a8562d36,market_max,open,total_goals,under,2.5,1.91
802e92d1fab257cb5a94f853a8562d36,paddy_power,open,1x2,away,,2.38
802e92d1fab257cb5a94f853a8562d36,paddy_power,open,1x2,draw,,3.4
802e92d1fab257cb5a94f853a8562d36,paddy_power,open,1x2,home,,2.88
802e92d1fab257cb5a94f853a8562d36,skybet,open,1x2,away,,2.38
802e92d1fab257cb5a94f853a8562d36,skybet,open,1x2,draw,,3.4
802e92d1fab257cb5a94f853a8562d36,skybet,open,1x2,home,,2.8
83355cacf67778e4b2104ace4c8874a5,bet365,open,1x2,away,,3.3
83355cacf67778e4b2104ace4c8874a5,bet365,open,1x2,draw,,3.25
83355cacf67778e4b2104ace4c8874a5,bet365,open,1x2,home,,2.25
83355cacf67778e4b2104ace4c8874a5,bet365,open,asian_handicap,away,0.25,1.88
83355cacf67778e4b2104ace4c8874a5,bet365,open,asian_handicap,home,-0.25,1.98
83355cacf67778e4b2104ace4c8874a5,bet365,open,total_goals,over,2.5,1.83
83355cacf67778e4b2104ace4c8874a5,bet365,open,total_goals,under,2.5,2.03
83355cacf67778e4b2104ace4c8874a5,bet_and_win,open,1x2,away,,3.0
83355cacf67778e4b2104ace4c8874a5,bet_and_win,open,1x2,draw,,3.4
83355cacf67778e4b2104ace4c8874a5,bet_and_win,open,1x2,home,,2.3
83355cacf67778e4b2104ace4c8874a5,betfair_exchange,open,1x2,away,,3.45
83355cacf67778e4b2104ace4c8874a5,betfair_exchange,open,1x2,draw,,3.5
83355cacf67778e4b2104ace4c8874a5,betfair_exchange,open,1x2,home,,2.34
83355cacf67778e4b2104ace4c8874a5,betfair_exchange,open,asian_handicap,away,0.25,1.98
83355cacf67778e4b2104ace4c8874a5,betfair_exchange,open,asian_handicap,home,-0.25,2.0
83355cacf67778e4b2104ace4c8874a5,betfair_exchange,open,total_goals,over,2.5,1.88
83355cacf67778e4b2104ace4c8874a5,betfair_exchange,open,total_goals,under,2.5,2.1
83355cacf67778e4b2104ace4c8874a5,betfred,open,1x2,away,,3.1
83355cacf67778e4b2104ace4c8874a5,betfred,open,1x2,draw,,3.5
83355cacf67778e4b2104ace4c8874a5,betfred,open,1x2,home,,2.25
83355cacf67778e4b2104ace4c8874a5,betvictor,open,1x2,away,,3.1
83355cacf67778e4b2104ace4c8874a5,betvictor,open,1x2,draw,,3.5
83355cacf67778e4b2104ace4c8874a5,betvictor,open,1x2,home,,2.25
83355cacf67778e4b2104ace4c8874a5,market_avg,open,1x2,away,,3.12
83355cacf67778e4b2104ace4c8874a5,market_avg,open,1x2,draw,,3.38
83355cacf67778e4b2104ace4c8874a5,market_avg,open,1x2,home,,2.25
83355cacf67778e4b2104ace4c8874a5,market_avg,open,asian_handicap,away,0.25,1.83
83355cacf67778e4b2104ace4c8874a5,market_avg,open,asian_handicap,home,-0.25,1.91
83355cacf67778e4b2104ace4c8874a5,market_avg,open,total_goals,over,2.5,1.79
83355cacf67778e4b2104ace4c8874a5,market_avg,open,total_goals,under,2.5,1.96
83355cacf67778e4b2104ace4c8874a5,market_max,open,1x2,away,,3.3
83355cacf67778e4b2104ace4c8874a5,market_max,open,1x2,draw,,3.5
83355cacf67778e4b2104ace4c8874a5,market_max,open,1x2,home,,2.3
83355cacf67778e4b2104ace4c8874a5,market_max,open,asian_handicap,away,0.25,1.88
83355cacf67778e4b2104ace4c8874a5,market_max,open,asian_handicap,home,-0.25,1.98
83355cacf67778e4b2104ace4c8874a5,market_max,open,total_goals,over,2.5,1.83
83355cacf67778e4b2104ace4c8874a5,market_max,open,total_goals,under,2.5,2.03
83355cacf67778e4b2104ace4c8874a5,paddy_power,open,1x2,away,,3.25
83355cacf67778e4b2104ace4c8874a5,paddy_power,open,1x2,draw,,3.3
83355cacf67778e4b2104ace4c8874a5,paddy_power,open,1x2,home,,2.2
83355cacf67778e4b2104ace4c8874a5,skybet,open,1x2,away,,3.2
83355cacf67778e4b2104ace4c8874a5,skybet,open,1x2,draw,,3.25
83355cacf67778e4b2104ace4c8874a5,skybet,open,1x2,home,,2.2
b1a9a58d0c655c8f0ed5d65669ce5ebe,bet365,open,1x2,away,,6.5
b1a9a58d0c655c8f0ed5d65669ce5ebe,bet365,open,1x2,draw,,4.2
b1a9a58d0c655c8f0ed5d65669ce5ebe,bet365,open,1x2,home,,1.5
b1a9a58d0c655c8f0ed5d65669ce5ebe,bet365,open,asian_handicap,away,1.0,2.05
b1a9a58d0c655c8f0ed5d65669ce5ebe,bet365,open,asian_handicap,home,-1.0,1.75
b1a9a58d0c655c8f0ed5d65669ce5ebe,bet365,open,total_goals,over,2.5,1.73
b1a9a58d0c655c8f0ed5d65669ce5ebe,bet365,open,total_goals,under,2.5,2.1
b1a9a58d0c655c8f0ed5d65669ce5ebe,bet_and_win,open,1x2,away,,6.25
b1a9a58d0c655c8f0ed5d65669ce5ebe,bet_and_win,open,1x2,draw,,4.4
b1a9a58d0c655c8f0ed5d65669ce5ebe,bet_and_win,open,1x2,home,,1.5
b1a9a58d0c655c8f0ed5d65669ce5ebe,betfair_exchange,open,1x2,away,,7.0
b1a9a58d0c655c8f0ed5d65669ce5ebe,betfair_exchange,open,1x2,draw,,4.7
b1a9a58d0c655c8f0ed5d65669ce5ebe,betfair_exchange,open,1x2,home,,1.53
b1a9a58d0c655c8f0ed5d65669ce5ebe,betfair_exchange,open,asian_handicap,away,1.0,2.12
b1a9a58d0c655c8f0ed5d65669ce5ebe,betfair_exchange,open,asian_handicap,home,-1.0,1.84
b1a9a58d0c655c8f0ed5d65669ce5ebe,betfair_exchange,open,total_goals,over,2.5,1.76
b1a9a58d0c655c8f0ed5d65669ce5ebe,betfair_exchange,open,total_goals,under,2.5,2.26
b1a9a58d0c655c8f0ed5d65669ce5ebe,betfred,open,1x2,away,,7.0
b1a9a58d0c655c8f0ed5d65669ce5ebe,betfred,open,1x2,draw,,4.5
b1a9a58d0c655c8f0ed5d65669ce5ebe,betfred,open,1x2,home,,1.44
b1a9a58d0c655c8f0ed5d65669ce5ebe,betvictor,open,1x2,away,,7.0
b1a9a58d0c655c8f0ed5d65669ce5ebe,betvictor,open,1x2,draw,,4.5
b1a9a58d0c655c8f0ed5d65669ce5ebe,betvictor,open,1x2,home,,1.45
b1a9a58d0c655c8f0ed5d65669ce5ebe,market_avg,open,1x2,away,,6.58
b1a9a58d0c655c8f0ed5d65669ce5ebe,market_avg,open,1x2,draw,,4.44
b1a9a58d0c655c8f0ed5d65669ce5ebe,market_avg,open,1x2,home,,1.46
b1a9a58d0c655c8f0ed5d65669ce5ebe,market_avg,open,asian_handicap,away,1.0,2.05
b1a9a58d0c655c8f0ed5d65669ce5ebe,market_avg,open,asian_handicap,home,-1.0,1.71
b1a9a58d0c655c8f0ed5d65669ce5ebe,market_avg,open,total_goals,over,2.5,1.69
b1a9a58d0c655c8f0ed5d65669ce5ebe,market_avg,open,total_goals,under,2.5,2.1
b1a9a58d0c655c8f0ed5d65669ce5ebe,market_max,open,1x2,away,,7.3
b1a9a58d0c655c8f0ed5d65669ce5ebe,market_max,open,1x2,draw,,4.6
b1a9a58d0c655c8f0ed5d65669ce5ebe,market_max,open,1x2,home,,1.5
b1a9a58d0c655c8f0ed5d65669ce5ebe,market_max,open,asian_handicap,away,1.0,2.1
b1a9a58d0c655c8f0ed5d65669ce5ebe,market_max,open,asian_handicap,home,-1.0,1.75
b1a9a58d0c655c8f0ed5d65669ce5ebe,market_max,open,total_goals,over,2.5,1.73
b1a9a58d0c655c8f0ed5d65669ce5ebe,market_max,open,total_goals,under,2.5,2.15
b1a9a58d0c655c8f0ed5d65669ce5ebe,paddy_power,open,1x2,away,,7.0
b1a9a58d0c655c8f0ed5d65669ce5ebe,paddy_power,open,1x2,draw,,4.4
b1a9a58d0c655c8f0ed5d65669ce5ebe,paddy_power,open,1x2,home,,1.4
b1a9a58d0c655c8f0ed5d65669ce5ebe,skybet,open,1x2,away,,6.5
b1a9a58d0c655c8f0ed5d65669ce5ebe,skybet,open,1x2,draw,,4.33
b1a9a58d0c655c8f0ed5d65669ce5ebe,skybet,open,1x2,home,,1.44
a300bcdd6d7aeedc6c29f8eafbf6fc15,bet365,open,1x2,away,,3.6
a300bcdd6d7aeedc6c29f8eafbf6fc15,bet365,open,1x2,draw,,3.9
a300bcdd6d7aeedc6c29f8eafbf6fc15,bet365,open,1x2,home,,1.91
a300bcdd6d7aeedc6c29f8eafbf6fc15,bet365,open,asian_handicap,away,0.5,1.93
a300bcdd6d7aeedc6c29f8eafbf6fc15,bet365,open,asian_handicap,home,-0.5,1.93
a300bcdd6d7aeedc6c29f8eafbf6fc15,bet365,open,total_goals,over,2.5,1.5
a300bcdd6d7aeedc6c29f8eafbf6fc15,bet365,open,total_goals,under,2.5,2.63
a300bcdd6d7aeedc6c29f8eafbf6fc15,bet_and_win,open,1x2,away,,3.5
a300bcdd6d7aeedc6c29f8eafbf6fc15,bet_and_win,open,1x2,draw,,4.1
a300bcdd6d7aeedc6c29f8eafbf6fc15,bet_and_win,open,1x2,home,,1.9
a300bcdd6d7aeedc6c29f8eafbf6fc15,betfair_exchange,open,1x2,away,,3.7
a300bcdd6d7aeedc6c29f8eafbf6fc15,betfair_exchange,open,1x2,draw,,4.2
a300bcdd6d7aeedc6c29f8eafbf6fc15,betfair_exchange,open,1x2,home,,1.98
a300bcdd6d7aeedc6c29f8eafbf6fc15,betfair_exchange,open,asian_handicap,away,0.5,2.0
a300bcdd6d7aeedc6c29f8eafbf6fc15,betfair_exchange,open,asian_handicap,home,-0.5,1.98
a300bcdd6d7aeedc6c29f8eafbf6fc15,betfair_exchange,open,total_goals,over,2.5,1.51
a300bcdd6d7aeedc6c29f8eafbf6fc15,betfair_exchange,open,total_goals,under,2.5,2.82
a300bcdd6d7aeedc6c29f8eafbf6fc15,betfred,open,1x2,away,,3.4
a300bcdd6d7aeedc6c29f8eafbf6fc15,betfred,open,1x2,draw,,4.2
a300bcdd6d7aeedc6c29f8eafbf6fc15,betfred,open,1x2,home,,1.91
a300bcdd6d7aeedc6c29f8eafbf6fc15,betvictor,open,1x2,away,,3.3
a300bcdd6d7aeedc6c29f8eafbf6fc15,betvictor,open,1x2,draw,,3.8
a300bcdd6d7aeedc6c29f8eafbf6fc15,betvictor,open,1x2,home,,1.87
a300bcdd6d7aeedc6c29f8eafbf6fc15,market_avg,open,1x2,away,,3.42
a300bcdd6d7aeedc6c29f8eafbf6fc15,market_avg,open,1x2,draw,,3.97
a300bcdd6d7aeedc6c29f8eafbf6fc15,market_avg,open,1x2,home,,1.91
a300bcdd6d7aeedc6c29f8eafbf6fc15,market_avg,open,asian_handicap,away,0.5,1.85
a300bcdd6d7aeedc6c29f8eafbf6fc15,market_avg,open,asian_handicap,home,-0.5,1.87
a300bcdd6d7aeedc6c29f8eafbf6fc15,market_avg,open,total_goals,over,2.5,1.43
a300bcdd6d7aeedc6c29f8eafbf6fc15,market_avg,open,total_goals,under,2.5,2.68
a300bcdd6d7aeedc6c29f8eafbf6fc15,market_max,open,1x2,away,,3.6
a300bcdd6d7aeedc6c29f8eafbf6fc15,market_max,open,1x2,draw,,4.2
a300bcdd6d7aeedc6c29f8eafbf6fc15,market_max,open,1x2,home,,1.95
a300bcdd6d7aeedc6c29f8eafbf6fc15,market_max,open,asian_handicap,away,0.5,1.93
a300bcdd6d7aeedc6c29f8eafbf6fc15,market_max,open,asian_handicap,home,-0.5,1.93
a300bcdd6d7aeedc6c29f8eafbf6fc15,market_max,open,total_goals,over,2.5,1.5
a300bcdd6d7aeedc6c29f8eafbf6fc15,market_max,open,total_goals,under,2.5,2.88
a300bcdd6d7aeedc6c29f8eafbf6fc15,paddy_power,open,1x2,away,,3.4
a300bcdd6d7aeedc6c29f8eafbf6fc15,paddy_power,open,1x2,draw,,4.0
a300bcdd6d7aeedc6c29f8eafbf6fc15,paddy_power,open,1x2,home,,1.9
a300bcdd6d7aeedc6c29f8eafbf6fc15,skybet,open,1x2,away,,3.4
a300bcdd6d7aeedc6c29f8eafbf6fc15,skybet,open,1x2,draw,,4.0
a300bcdd6d7aeedc6c29f8eafbf6fc15,skybet,open,1x2,home,,1.91
ebc9aadbd1256e075691b991f8634d33,bet365,open,1x2,away,,2.4
ebc9aadbd1256e075691b991f8634d33,bet365,open,1x2,draw,,3.5
ebc9aadbd1256e075691b991f8634d33,bet365,open,1x2,home,,2.88
ebc9aadbd1256e075691b991f8634d33,bet365,open,asian_handicap,away,-0.25,2.05
ebc9aadbd1256e075691b991f8634d33,bet365,open,asian_handicap,home,0.25,1.8
ebc9aadbd1256e075691b991f8634d33,bet365,open,total_goals,over,2.5,1.73
ebc9aadbd1256e075691b991f8634d33,bet365,open,total_goals,under,2.5,2.1
ebc9aadbd1256e075691b991f8634d33,bet_and_win,open,1x2,away,,2.3
ebc9aadbd1256e075691b991f8634d33,bet_and_win,open,1x2,draw,,3.6
ebc9aadbd1256e075691b991f8634d33,bet_and_win,open,1x2,home,,2.85
ebc9aadbd1256e075691b991f8634d33,betfair_exchange,open,1x2,away,,2.52
ebc9aadbd1256e075691b991f8634d33,betfair_exchange,open,1x2,draw,,3.7
ebc9aadbd1256e075691b991f8634d33,betfair_exchange,open,1x2,home,,2.96
ebc9aadbd1256e075691b991f8634d33,betfair_exchange,open,asian_handicap,away,-0.25,2.18
ebc9aadbd1256e075691b991f8634d33,betfair_exchange,open,asian_handicap,home,0.25,1.83
ebc9aadbd1256e075691b991f8634d33,betfair_exchange,open,total_goals,over,2.5,1.77
ebc9aadbd1256e075691b991f8634d33,betfair_exchange,open,total_goals,under,2.5,2.22
ebc9aadbd1256e075691b991f8634d33,betfred,open,1x2,away,,2.38
ebc9aadbd1256e075691b991f8634d33,betfred,open,1x2,draw,,3.6
ebc9aadbd1256e075691b991f8634d33,betfred,open,1x2,home,,2.8
ebc9aadbd1256e075691b991f8634d33,betvictor,open,1x2,away,,2.3
ebc9aadbd1256e075691b991f8634d33,betvictor,open,1x2,draw,,3.4
ebc9aadbd1256e075691b991f8634d33,betvictor,open,1x2,home,,2.7
ebc9aadbd1256e075691b991f8634d33,market_avg,open,1x2,away,,2.37
ebc9aadbd1256e075691b991f8634d33,market_avg,open,1x2,draw,,3.51
ebc9aadbd1256e075691b991f8634d33,market_avg,open,1x2,home,,2.76
ebc9aadbd1256e075691b991f8634d33,market_avg,open,asian_handicap,away,-0.25,2.04
ebc9aadbd1256e075691b991f8634d33,market_avg,open,asian_handicap,home,0.25,1.73
ebc9aadbd1256e075691b991f8634d33,market_avg,open,total_goals,over,2.5,1.67
ebc9aadbd1256e075691b991f8634d33,market_avg,open,total_goals,under,2.5,2.12
ebc9aadbd1256e075691b991f8634d33,market_max,open,1x2,away,,2.48
ebc9aadbd1256e075691b991f8634d33,market_max,open,1x2,draw,,3.6
ebc9aadbd1256e075691b991f8634d33,market_max,open,1x2,home,,2.88
ebc9aadbd1256e075691b991f8634d33,market_max,open,asian_handicap,away,-0.25,2.1
ebc9aadbd1256e075691b991f8634d33,market_max,open,asian_handicap,home,0.25,1.8
ebc9aadbd1256e075691b991f8634d33,market_max,open,total_goals,over,2.5,1.73
ebc9aadbd1256e075691b991f8634d33,market_max,open,total_goals,under,2.5,2.2
ebc9aadbd1256e075691b991f8634d33,paddy_power,open,1x2,away,,2.3
ebc9aadbd1256e075691b991f8634d33,paddy_power,open,1x2,draw,,3.6
ebc9aadbd1256e075691b991f8634d33,paddy_power,open,1x2,home,,2.7
ebc9aadbd1256e075691b991f8634d33,skybet,open,1x2,away,,2.38
ebc9aadbd1256e075691b991f8634d33,skybet,open,1x2,draw,,3.6
ebc9aadbd1256e075691b991f8634d33,skybet,open,1x2,home,,2.7
dbbfd9230ace39c042adb35f5f10215f,bet365,open,1x2,away,,5.25
dbbfd9230ace39c042adb35f5f10215f,bet365,open,1x2,draw,,3.75
dbbfd9230ace39c042adb35f5f10215f,bet365,open,1x2,home,,1.67
dbbfd9230ace39c042adb35f5f10215f,bet365,open,asian_handicap,away,0.75,1.98
dbbfd9230ace39c042adb35f5f10215f,bet365,open,asian_handicap,home,-0.75,1.88
dbbfd9230ace39c042adb35f5f10215f,bet365,open,total_goals,over,2.5,1.73
dbbfd9230ace39c042adb35f5f10215f,bet365,open,total_goals,under,2.5,2.1
dbbfd9230ace39c042adb35f5f10215f,bet_and_win,open,1x2,away,,5.0
dbbfd9230ace39c042adb35f5f10215f,bet_and_win,open,1x2,draw,,3.9
dbbfd9230ace39c042adb35f5f10215f,bet_and_win,open,1x2,home,,1.66
dbbfd9230ace39c042adb35f5f10215f,betfair_exchange,open,1x2,away,,5.3
dbbfd9230ace39c042adb35f5f10215f,betfair_exchange,open,1x2,draw,,4.0
dbbfd9230ace39c042adb35f5f10215f,betfair_exchange,open,1x2,home,,1.75
dbbfd9230ace39c042adb35f5f10215f,betfair_exchange,open,asian_handicap,away,0.75,2.0
dbbfd9230ace39c042adb35f5f10215f,betfair_exchange,open,asian_handicap,home,-0.75,1.96
dbbfd9230ace39c042adb35f5f10215f,betfair_exchange,open,total_goals,over,2.5,1.81
dbbfd9230ace39c042adb35f5f10215f,betfair_exchange,open,total_goals,under,2.5,2.18
dbbfd9230ace39c042adb35f5f10215f,betfred,open,1x2,away,,4.6
dbbfd9230ace39c042adb35f5f10215f,betfred,open,1x2,draw,,4.0
dbbfd9230ace39c042adb35f5f10215f,betfred,open,1x2,home,,1.7
dbbfd9230ace39c042adb35f5f10215f,betvictor,open,1x2,away,,4.75
dbbfd9230ace39c042adb35f5f10215f,betvictor,open,1x2,draw,,3.8
dbbfd9230ace39c042adb35f5f10215f,betvictor,open,1x2,home,,1.67
dbbfd9230ace39c042adb35f5f10215f,market_avg,open,1x2,away,,4.82
dbbfd9230ace39c042adb35f5f10215f,market_avg,open,1x2,draw,,3.8
dbbfd9230ace39c042adb35f5f10215f,market_avg,open,1x2,home,,1.69
dbbfd9230ace39c042adb35f5f10215f,market_avg,open,asian_handicap,away,0.75,1.9
dbbfd9230ace39c042adb35f5f10215f,market_avg,open,asian_handicap,home,-0.75,1.84
dbbfd9230ace39c042adb35f5f10215f,market_avg,open,total_goals,over,2.5,1.73
dbbfd9230ace39c042adb35f5f10215f,market_avg,open,total_goals,under,2.5,2.03
dbbfd9230ace39c042adb35f5f10215f,market_max,open,1x2,away,,5.25
dbbfd9230ace39c042adb35f5f10215f,market_max,open,1x2,draw,,4.0
dbbfd9230ace39c042adb35f5f10215f,market_max,open,1x2,home,,1.73
dbbfd9230ace39c042adb35f5f10215f,market_max,open,asian_handicap,away,0.75,1.98
dbbfd9230ace39c042adb35f5f10215f,market_max,open,asian_handicap,home,-0.75,1.88
dbbfd9230ace39c042adb35f5f10215f,market_max,open,total_goals,over,2.5,1.77
dbbfd9230ace39c042adb35f5f10215f,market_max,open,total_goals,under,2.5,2.1
dbbfd9230ace39c042adb35f5f10215f,paddy_power,open,1x2,away,,4.5
dbbfd9230ace39c042adb35f5f10215f,paddy_power,open,1x2,draw,,3.8
dbbfd9230ace39c042adb35f5f10215f,paddy_power,open,1x2,home,,1.7
dbbfd9230ace39c042adb35f5f10215f,skybet,open,1x2,away,,4.5
dbbfd9230ace39c042adb35f5f10215f,skybet,open,1x2,draw,,3.8
dbbfd9230ace39c042adb35f5f10215f,skybet,open,1x2,home,,1.7
42b008d12d60811c8e479f2e4728b96d,bet365,open,1x2,away,,2.1
42b008d12d60811c8e479f2e4728b96d,bet365,open,1x2,draw,,3.5
42b008d12d60811c8e479f2e4728b96d,bet365,open,1x2,home,,3.3
42b008d12d60811c8e479f2e4728b96d,bet365,open,asian_handicap,away,-0.25,1.85
42b008d12d60811c8e479f2e4728b96d,bet365,open,asian_handicap,home,0.25,2.0
42b008d12d60811c8e479f2e4728b96d,bet365,open,total_goals,over,2.5,1.73
42b008d12d60811c8e479f2e4728b96d,bet365,open,total_goals,under,2.5,2.1
42b008d12d60811c8e479f2e4728b96d,bet_and_win,open,1x2,away,,2.2
42b008d12d60811c8e479f2e4728b96d,bet_and_win,open,1x2,draw,,3.6
42b008d12d60811c8e479f2e4728b96d,bet_and_win,open,1x2,home,,3.1
42b008d12d60811c8e479f2e4728b96d,betfair_exchange,open,1x2,away,,2.22
42b008d12d60811c8e479f2e4728b96d,betfair_exchange,open,1x2,draw,,3.75
42b008d12d60811c8e479f2e4728b96d,betfair_exchange,open,1x2,home,,3.45
42b008d12d60811c8e479f2e4728b96d,betfair_exchange,open,asian_handicap,away,-0.25,1.92
42b008d12d60811c8e479f2e4728b96d,betfair_exchange,open,asian_handicap,home,0.25,2.05
42b008d12d60811c8e479f2e4728b96d,betfair_exchange,open,total_goals,over,2.5,1.75
42b008d12d60811c8e479f2e4728b96d,betfair_exchange,open,total_goals,under,2.5,2.26
42b008d12d60811c8e479f2e4728b96d,betfred,open,1x2,away,,2.15
42b008d12d60811c8e479f2e4728b96d,betfred,open,1x2,draw,,3.6
42b008d12d60811c8e479f2e4728b96d,betfred,open,1x2,home,,3.2
42b008d12d60811c8e479f2e4728b96d,betvictor,open,1x2,away,,2.1
42b008d12d60811c8e479f2e4728b96d,betvictor,open,1x2,draw,,3.6
42b008d12d60811c8e479f2e4728b96d,betvictor,open,1x2,home,,3.13
42b008d12d60811c8e479f2e4728b96d,market_avg,open,1x2,away,,2.12
42b008d12d60811c8e479f2e4728b96d,market_avg,open,1x2,draw,,3.54
42b008d12d60811c8e479f2e4728b96d,market_avg,open,1x2,home,,3.21
42b008d12d60811c8e479f2e4728b96d,market_avg,open,asian_handicap,away,-0.25,1.81
42b008d12d60811c8e479f2e4728b96d,market_avg,open,asian_handicap,home,0.25,1.93
42b008d12d60811c8e479f2e4728b96d,market_avg,open,total_goals,over,2.5,1.67
42b008d12d60811c8e479f2e4728b96d,market_avg,open,total_goals,under,2.5,2.12
42b008d12d60811c8e479f2e4728b96d,market_max,open,1x2,away,,2.2
42b008d12d60811c8e479f2e4728b96d,market_max,open,1x2,draw,,3.6
42b008d12d60811c8e479f2e4728b96d,market_max,open,1x2,home,,3.3
42b008d12d60811c8e479f2e4728b96d,market_max,open,asian_handicap,away,-0.25,1.85
42b008d12d60811c8e479f2e4728b96d,market_max,open,asian_handicap,home,0.25,2.0
42b008d12d60811c8e479f2e4728b96d,market_max,open,total_goals,over,2.5,1.73
42b008d12d60811c8e479f2e4728b96d,market_max,open,total_goals,under,2.5,2.2
42b008d12d60811c8e479f2e4728b96d,paddy_power,open,1x2,away,,2.1
42b008d12d60811c8e479f2e4728b96d,paddy_power,open,1x2,draw,,3.5
42b008d12d60811c8e479f2e4728b96d,paddy_power,open,1x2,home,,3.3
42b008d12d60811c8e479f2e4728b96d,skybet,open,1x2,away,,2.1
42b008d12d60811c8e479f2e4728b96d,skybet,open,1x2,draw,,3.5
42b008d12d60811c8e479f2e4728b96d,skybet,open,1x2,home,,3.25
b7febb3eb1c347adc068ff5ed8e3fc9e,bet365,open,1x2,away,,1.85
b7febb3eb1c347adc068ff5ed8e3fc9e,bet365,open,1x2,draw,,3.75
b7febb3eb1c347adc068ff5ed8e3fc9e,bet365,open,1x2,home,,4.0
b7febb3eb1c347adc068ff5ed8e3fc9e,bet365,open,asian_handicap,away,-0.5,1.88
b7febb3eb1c347adc068ff5ed8e3fc9e,bet365,open,asian_handicap,home,0.5,1.98
b7febb3eb1c347adc068ff5ed8e3fc9e,bet365,open,total_goals,over,2.5,1.67
b7febb3eb1c347adc068ff5ed8e3fc9e,bet365,open,total_goals,under,2.5,2.2
b7febb3eb1c347adc068ff5ed8e3fc9e,bet_and_win,open,1x2,away,,1.87
b7febb3eb1c347adc068ff5ed8e3fc9e,bet_and_win,open,1x2,draw,,3.9
b7febb3eb1c347adc068ff5ed8e3fc9e,bet_and_win,open,1x2,home,,3.75
b7febb3eb1c347adc068ff5ed8e3fc9e,betfair_exchange,open,1x2,away,,1.91
b7febb3eb1c347adc068ff5ed8e3fc9e,betfair_exchange,open,1x2,draw,,3.95
b7febb3eb1c347adc068ff5ed8e3fc9e,betfair_exchange,open,1x2,home,,4.0
b7febb3eb1c347adc068ff5ed8e3fc9e,betfair_exchange,open,asian_handicap,away,-0.5,1.91
b7febb3eb1c347adc068ff5ed8e3fc9e,betfair_exchange,open,asian_handicap,home,0.5,2.04
b7febb3eb1c347adc068ff5ed8e3fc9e,betfair_exchange,open,total_goals,over,2.5,1.73
b7febb3eb1c347adc068ff5ed8e3fc9e,betfair_exchange,open,total_goals,under,2.5,2.22
b7febb3eb1c347adc068ff5ed8e3fc9e,betfred,open,1x2,away,,1.9
b7febb3eb1c347adc068ff5ed8e3fc9e,betfred,open,1x2,draw,,3.75
b7febb3eb1c347adc068ff5ed8e3fc9e,betfred,open,1x2,home,,3.75
b7febb3eb1c347adc068ff5ed8e3fc9e,betvictor,open,1x2,away,,1.83
b7febb3eb1c347adc068ff5ed8e3fc9e,betvictor,open,1x2,draw,,3.6
b7febb3eb1c347adc068ff5ed8e3fc9e,betvictor,open,1x2,home,,3.75
b7febb3eb1c347adc068ff5ed8e3fc9e,market_avg,open,1x2,away,,1.86
b7febb3eb1c347adc068ff5ed8e3fc9e,market_avg,open,1x2,draw,,3.75
b7febb3eb1c347adc068ff5ed8e3fc9e,market_avg,open,1x2,home,,3.79
b7febb3eb1c347adc068ff5ed8e3fc9e,market_avg,open,asian_handicap,away,-0.5,1.81
b7febb3eb1c347adc068ff5ed8e3fc9e,market_avg,open,asian_handicap,home,0.5,1.91
b7febb3eb1c347adc068ff5ed8e3fc9e,market_avg,open,total_goals,over,2.5,1.64
b7febb3eb1c347adc068ff5ed8e3fc9e,market_avg,open,total_goals,under,2.5,2.17
b7febb3eb1c347adc068ff5ed8e3fc9e,market_max,open,1x2,away,,1.9
b7febb3eb1c347adc068ff5ed8e3fc9e,market_max,open,1x2,draw,,3.9
b7febb3eb1c347adc068ff5ed8e3fc9e,market_max,open,1x2,home,,4.0
b7febb3eb1c347adc068ff5ed8e3fc9e,market_max,open,asian_handicap,away,-0.5,1.88
b7febb3eb1c347adc068ff5ed8e3fc9e,market_max,open,asian_handicap,home,0.5,1.98
b7febb3eb1c347adc068ff5ed8e3fc9e,market_max,open,total_goals,over,2.5,1.67
b7febb3eb1c347adc068ff5ed8e3fc9e,market_max,open,total_goals,under,2.5,2.2
b7febb3eb1c347adc068ff5ed8e3fc9e,paddy_power,open,1x2,away,,1.85
b7febb3eb1c347adc068ff5ed8e3fc9e,paddy_power,open,1x2,draw,,3.8
b7febb3eb1c347adc068ff5ed8e3fc9e,paddy_power,open,1x2,home,,3.8
b7febb3eb1c347adc068ff5ed8e3fc9e,skybet,open,1x2,away,,1.85
b7febb3eb1c347adc068ff5ed8e3fc9e,skybet,open,1x2,draw,,3.75
b7febb3eb1c347adc068ff5ed8e3fc9e,skybet,open,1x2,home,,3.75
693709fdba429ef449d6c88a3668f1f5,bet365,open,1x2,away,,4.33
693709fdba429ef449d6c88a3668f1f5,bet365,open,1x2,draw,,3.8
693709fdba429ef449d6c88a3668f1f5,bet365,open,1x2,home,,1.75
693709fdba429ef449d6c88a3668f1f5,bet365,open,asian_handicap,away,0.5,2.05
693709fdba429ef449d6c88a3668f1f5,bet365,open,asian_handicap,home,-0.5,1.75
693709fdba429ef449d6c88a3668f1f5,bet365,open,total_goals,over,2.5,1.67
693709fdba429ef449d6c88a3668f1f5,bet365,open,total_goals,under,2.5,2.2
693709fdba429ef449d6c88a3668f1f5,bet_and_win,open,1x2,away,,4.2
693709fdba429ef449d6c88a3668f1f5,bet_and_win,open,1x2,draw,,3.9
693709fdba429ef449d6c88a3668f1f5,bet_and_win,open,1x2,home,,1.77
693709fdba429ef449d6c88a3668f1f5,betfair_exchange,open,1x2,away,,4.6
693709fdba429ef449d6c88a3668f1f5,betfair_exchange,open,1x2,draw,,4.1
693709fdba429ef449d6c88a3668f1f5,betfair_exchange,open,1x2,home,,1.83
693709fdba429ef449d6c88a3668f1f5,betfair_exchange,open,asian_handicap,away,0.5,2.17
693709fdba429ef449d6c88a3668f1f5,betfair_exchange,open,asian_handicap,home,-0.5,1.83
693709fdba429ef449d6c88a3668f1f5,betfair_exchange,open,total_goals,over,2.5,1.68
693709fdba429ef449d6c88a3668f1f5,betfair_exchange,open,total_goals,under,2.5,2.32
693709fdba429ef449d6c88a3668f1f5,betfred,open,1x2,away,,4.2
693709fdba429ef449d6c88a3668f1f5,betfred,open,1x2,draw,,4.0
693709fdba429ef449d6c88a3668f1f5,betfred,open,1x2,home,,1.8
693709fdba429ef449d6c88a3668f1f5,betvictor,open,1x2,away,,4.1
693709fdba429ef449d6c88a3668f1f5,betvictor,open,1x2,draw,,3.75
693709fdba429ef449d6c88a3668f1f5,betvictor,open,1x2,home,,1.73
693709fdba429ef449d6c88a3668f1f5,market_avg,open,1x2,away,,4.16
693709fdba429ef449d6c88a3668f1f5,market_avg,open,1x2,draw,,3.86
693709fdba429ef449d6c88a3668f1f5,market_avg,open,1x2,home,,1.75
693709fdba429ef449d6c88a3668f1f5,market_avg,open,asian_handicap,away,0.5,2.02
693709fdba429ef449d6c88a3668f1f5,market_avg,open,asian_handicap,home,-0.5,1.72
693709fdba429ef449d6c88a3668f1f5,market_avg,open,total_goals,over,2.5,1.6
693709fdba429ef449d6c88a3668f1f5,market_avg,open,total_goals,under,2.5,2.23
693709fdba429ef449d6c88a3668f1f5,market_max,open,1x2,away,,4.33
693709fdba429ef449d6c88a3668f1f5,market_max,open,1x2,draw,,4.0
693709fdba429ef449d6c88a3668f1f5,market_max,open,1x2,home,,1.8
693709fdba429ef449d6c88a3668f1f5,market_max,open,asian_handicap,away,0.5,2.05
693709fdba429ef449d6c88a3668f1f5,market_max,open,asian_handicap,home,-0.5,1.78
693709fdba429ef449d6c88a3668f1f5,market_max,open,total_goals,over,2.5,1.67
693709fdba429ef449d6c88a3668f1f5,market_max,open,total_goals,under,2.5,2.3
693709fdba429ef449d6c88a3668f1f5,paddy_power,open,1x2,away,,4.33
693709fdba429ef449d6c88a3668f1f5,paddy_power,open,1x2,draw,,4.0
693709fdba429ef449d6c88a3668f1f5,paddy_power,open,1x2,home,,1.7
693709fdba429ef449d6c88a3668f1f5,skybet,open,1x2,away,,4.2
693709fdba429ef449d6c88a3668f1f5,skybet,open,1x2,draw,,3.9
693709fdba429ef449d6c88a3668f1f5,skybet,open,1x2,home,,1.7
2ddd85d26a7edac81e8da0503fa1f9f8,bet365,open,1x2,away,,2.3
2ddd85d26a7edac81e8da0503fa1f9f8,bet365,open,1x2,draw,,3.4
2ddd85d26a7edac81e8da0503fa1f9f8,bet365,open,1x2,home,,3.1
2ddd85d26a7edac81e8da0503fa1f9f8,bet365,open,asian_handicap,away,-0.25,2.0
2ddd85d26a7edac81e8da0503fa1f9f8,bet365,open,asian_handicap,home,0.25,1.85
2ddd85d26a7edac81e8da0503fa1f9f8,bet365,open,total_goals,over,2.5,1.88
2ddd85d26a7edac81e8da0503fa1f9f8,bet365,open,total_goals,under,2.5,1.98
2ddd85d26a7edac81e8da0503fa1f9f8,bet_and_win,open,1x2,away,,2.3
2ddd85d26a7edac81e8da0503fa1f9f8,bet_and_win,open,1x2,draw,,3.4
2ddd85d26a7edac81e8da0503fa1f9f8,bet_and_win,open,1x2,home,,3.0
2ddd85d26a7edac81e8da0503fa1f9f8,betfair_exchange,open,1x2,away,,2.42
2ddd85d26a7edac81e8da0503fa1f9f8,betfair_exchange,open,1x2,draw,,3.45
2ddd85d26a7edac81e8da0503fa1f9f8,betfair_exchange,open,1x2,home,,3.15
2ddd85d26a7edac81e8da0503fa1f9f8,betfair_exchange,open,asian_handicap,away,-0.25,2.09
2ddd85d26a7edac81e8da0503fa1f9f8,betfair_exchange,open,asian_handicap,home,0.25,1.86
2ddd85d26a7edac81e8da0503fa1f9f8,betfair_exchange,open,total_goals,over,2.5,1.92
2ddd85d26a7edac81e8da0503fa1f9f8,betfair_exchange,open,total_goals,under,2.5,2.02
2ddd85d26a7edac81e8da0503fa1f9f8,betfred,open,1x2,away,,2.25
2ddd85d26a7edac81e8da0503fa1f9f8,betfred,open,1x2,draw,,3.5
2ddd85d26a7edac81e8da0503fa1f9f8,betfred,open,1x2,home,,3.1
2ddd85d26a7edac81e8da0503fa1f9f8,betvictor,open,1x2,away,,2.25
2ddd85d26a7edac81e8da0503fa1f9f8,betvictor,open,1x2,draw,,3.3
2ddd85d26a7edac81e8da0503fa1f9f8,betvictor,open,1x2,home,,2.9
2ddd85d26a7edac81e8da0503fa1f9f8,market_avg,open,1x2,away,,2.28
2ddd85d26a7edac81e8da0503fa1f9f8,market_avg,open,1x2,draw,,3.35
2ddd85d26a7edac81e8da0503fa1f9f8,market_avg,open,1x2,home,,3.01
2ddd85d26a7edac81e8da0503fa1f9f8,market_avg,open,asian_handicap,away,-0.25,1.93
2ddd85d26a7edac81e8da0503fa1f9f8,market_avg,open,asian_handicap,home,0.25,1.81
2ddd85d26a7edac81e8da0503fa1f9f8,market_avg,open,total_goals,over,2.5,1.85
2ddd85d26a7edac81e8da0503fa1f9f8,market_avg,open,total_goals,under,2.5,1.88
2ddd85d26a7edac81e8da0503fa1f9f8,market_max,open,1x2,away,,2.35
2ddd85d26a7edac81e8da0503fa1f9f8,market_max,open,1x2,draw,,3.5
2ddd85d26a7edac81e8da0503fa1f9f8,market_max,open,1x2,home,,3.2
2ddd85d26a7edac81e8da0503fa1f9f8,market_max,open,asian_handicap,away,-0.25,2.0
2ddd85d26a7edac81e8da0503fa1f9f8,market_max,open,asian_handicap,home,0.25,1.9
2ddd85d26a7edac81e8da0503fa1f9f8,market_max,open,total_goals,over,2.5,1.9
2ddd85d26a7edac81e8da0503fa1f9f8,market_max,open,total_goals,under,2.5,1.98
2ddd85d26a7edac81e8da0503fa1f9f8,paddy_power,open,1x2,away,,2.3
2ddd85d26a7edac81e8da0503fa1f9f8,paddy_power,open,1x2,draw,,3.3
2ddd85d26a7edac81e8da0503fa1f9f8,paddy_power,open,1x2,home,,3.0
2ddd85d26a7edac81e8da0503fa1f9f8,skybet,open,1x2,away,,2.3
2ddd85d26a7edac81e8da0503fa1f9f8,skybet,open,1x2,draw,,3.25
2ddd85d26a7edac81e8da0503fa1f9f8,skybet,open,1x2,home,,3.0
c0aee62b8b9a02e2b31ada648fcec709,bet365,open,1x2,away,,3.9
c0aee62b8b9a02e2b31ada648fcec709,bet365,open,1x2,draw,,3.4
c0aee62b8b9a02e2b31ada648fcec709,bet365,open,1x2,home,,2.0
c0aee62b8b9a02e2b31ada648fcec709,bet365,open,asian_handicap,away,0.5,1.85
c0aee62b8b9a02e2b31ada648fcec709,bet365,open,asian_handicap,home,-0.5,2.0
c0aee62b8b9a02e2b31ada648fcec709,bet365,open,total_goals,over,2.5,2.0
c0aee62b8b9a02e2b31ada648fcec709,bet365,open,total_goals,under,2.5,1.8
c0aee62b8b9a02e2b31ada648fcec709,bet_and_win,open,1x2,away,,3.75
c0aee62b8b9a02e2b31ada648fcec709,bet_and_win,open,1x2,draw,,3.4
c0aee62b8b9a02e2b31ada648fcec709,bet_and_win,open,1x2,home,,2.0
c0aee62b8b9a02e2b31ada648fcec709,betfair_exchange,open,1x2,away,,4.0
c0aee62b8b9a02e2b31ada648fcec709,betfair_exchange,open,1x2,draw,,3.55
c0aee62b8b9a02e2b31ada648fcec709,betfair_exchange,open,1x2,home,,2.08
c0aee62b8b9a02e2b31ada648fcec709,betfair_exchange,open,asian_handicap,away,0.5,1.9
c0aee62b8b9a02e2b31ada648fcec709,betfair_exchange,open,asian_handicap,home,-0.5,2.08
c0aee62b8b9a02e2b31ada648fcec709,betfair_exchange,open,total_goals,over,2.5,2.12
c0aee62b8b9a02e2b31ada648fcec709,betfair_exchange,open,total_goals,under,2.5,1.84
c0aee62b8b9a02e2b31ada648fcec709,betfred,open,1x2,away,,3.75
c0aee62b8b9a02e2b31ada648fcec709,betfred,open,1x2,draw,,3.5
c0aee62b8b9a02e2b31ada648fcec709,betfred,open,1x2,home,,2.0
c0aee62b8b9a02e2b31ada648fcec709,betvictor,open,1x2,away,,3.7
c0aee62b8b9a02e2b31ada648fcec709,betvictor,open,1x2,draw,,3.4
c0aee62b8b9a02e2b31ada648fcec709,betvictor,open,1x2,home,,1.95
c0aee62b8b9a02e2b31ada648fcec709,market_avg,open,1x2,away,,3.73
c0aee62b8b9a02e2b31ada648fcec709,market_avg,open,1x2,draw,,3.4
c0aee62b8b9a02e2b31ada648fcec709,market_avg,open,1x2,home,,1.98
c0aee62b8b9a02e2b31ada648fcec709,market_avg,open,asian_handicap,away,0.5,1.79
c0aee62b8b9a02e2b31ada648fcec709,market_avg,open,asian_handicap,home,-0.5,1.94
c0aee62b8b9a02e2b31ada648fcec709,market_avg,open,total_goals,over,2.5,1.99
c0aee62b8b9a02e2b31ada648fcec709,market_avg,open,total_goals,under,2.5,1.76
c0aee62b8b9a02e2b31ada648fcec709,market_max,open,1x2,away,,3.95
c0aee62b8b9a02e2b31ada648fcec709,market_max,open,1x2,draw,,3.5
c0aee62b8b9a02e2b31ada648fcec709,market_max,open,1x2,home,,2.0
c0aee62b8b9a02e2b31ada648fcec709,market_max,open,asian_handicap,away,0.5,1.85
c0aee62b8b9a02e2b31ada648fcec709,market_max,open,asian_handicap,home,-0.5,2.0
c0aee62b8b9a02e2b31ada648fcec709,market_max,open,total_goals,over,2.5,2.05
c0aee62b8b9a02e2b31ada648fcec709,market_max,open,total_goals,under,2.5,1.8
c0aee62b8b9a02e2b31ada648fcec709,paddy_power,open,1x2,away,,3.7
c0aee62b8b9a02e2b31ada648fcec709,paddy_power,open,1x2,draw,,3.5
c0aee62b8b9a02e2b31ada648fcec709,paddy_power,open,1x2,home,,1.91
c0aee62b8b9a02e2b31ada648fcec709,skybet,open,1x2,away,,3.6
c0aee62b8b9a02e2b31ada648fcec709,skybet,open,1x2,draw,,3.4
c0aee62b8b9a02e2b31ada648fcec709,skybet,open,1x2,home,,1.95
5d070eb754b7b0287bdc46e2ab749938,bet365,open,1x2,away,,2.6
5d070eb754b7b0287bdc46e2ab749938,bet365,open,1x2,draw,,3.3
5d070eb754b7b0287bdc46e2ab749938,bet365,open,1x2,home,,2.7
5d070eb754b7b0287bdc46e2ab749938,bet365,open,asian_handicap,away,0.0,1.85
5d070eb754b7b0287bdc46e2ab749938,bet365,open,asian_handicap,home,0.0,2.0
5d070eb754b7b0287bdc46e2ab749938,bet365,open,total_goals,over,2.5,1.85
5d070eb754b7b0287bdc46e2ab749938,bet365,open,total_goals,under,2.5,2.0
5d070eb754b7b0287bdc46e2ab749938,bet_and_win,open,1x2,away,,2.5
5d070eb754b7b0287bdc46e2ab749938,bet_and_win,open,1x2,draw,,3.4
5d070eb754b7b0287bdc46e2ab749938,bet_and_win,open,1x2,home,,2.7
5d070eb754b7b0287bdc46e2ab749938,betfair_exchange,open,1x2,away,,2.68
5d070eb754b7b0287bdc46e2ab749938,betfair_exchange,open,1x2,draw,,3.5
5d070eb754b7b0287bdc46e2ab749938,betfair_exchange,open,1x2,home,,2.84
5d070eb754b7b0287bdc46e2ab749938,betfair_exchange,open,asian_handicap,away,0.0,1.93
5d070eb754b7b0287bdc46e2ab749938,betfair_exchange,open,asian_handicap,home,0.0,2.03
5d070eb754b7b0287bdc46e2ab749938,betfair_exchange,open,total_goals,over,2.5,1.88
5d070eb754b7b0287bdc46e2ab749938,betfair_exchange,open,total_goals,under,2.5,2.06
5d070eb754b7b0287bdc46e2ab749938,betfred,open,1x2,away,,2.5
5d070eb754b7b0287bdc46e2ab749938,betfred,open,1x2,draw,,3.4
5d070eb754b7b0287bdc46e2ab749938,betfred,open,1x2,home,,2.75
5d070eb754b7b0287bdc46e2ab749938,betvictor,open,1x2,away,,2.5
5d070eb754b7b0287bdc46e2ab749938,betvictor,open,1x2,draw,,3.4
5d070eb754b7b0287bdc46e2ab749938,betvictor,open,1x2,home,,2.63
5d070eb754b7b0287bdc46e2ab749938,market_avg,open,1x2,away,,2.52
5d070eb754b7b0287bdc46e2ab749938,market_avg,open,1x2,draw,,3.35
5d070eb754b7b0287bdc46e2ab749938,market_avg,open,1x2,home,,2.69
5d070eb754b7b0287bdc46e2ab749938,market_avg,open,asian_handicap,away,0.0,1.81
5d070eb754b7b0287bdc46e2ab749938,market_avg,open,asian_handicap,home,0.0,1.94
5d070eb754b7b0287bdc46e2ab749938,market_avg,open,total_goals,over,2.5,1.81
5d070eb754b7b0287bdc46e2ab749938,market_avg,open,total_goals,under,2.5,1.94
5d070eb754b7b0287bdc46e2ab749938,market_max,open,1x2,away,,2.6
5d070eb754b7b0287bdc46e2ab749938,market_max,open,1x2,draw,,3.4
5d070eb754b7b0287bdc46e2ab749938,market_max,open,1x2,home,,2.78
5d070eb754b7b0287bdc46e2ab749938,market_max,open,asian_handicap,away,0.0,1.85
5d070eb754b7b0287bdc46e2ab749938,market_max,open,asian_handicap,home,0.0,2.0
5d070eb754b7b0287bdc46e2ab749938,market_max,open,total_goals,over,2.5,1.85
5d070eb754b7b0287bdc46e2ab749938,market_max,open,total_goals,under,2.5,2.0
5d070eb754b7b0287bdc46e2ab749938,paddy_power,open,1x2,away,,2.5
5d070eb754b7b0287bdc46e2ab749938,paddy_power,open,1x2,draw,,3.25
5d070eb754b7b0287bdc46e2ab749938,paddy_power,open,1x2,home,,2.7
5d070eb754b7b0287bdc46e2ab749938,skybet,open,1x2,away,,2.5
5d070eb754b7b0287bdc46e2ab749938,skybet,open,1x2,draw,,3.25
5d070eb754b7b0287bdc46e2ab749938,skybet,open,1x2,home,,2.7
e86f09e7da760c554e1a7544c5f8a1b1,bet365,open,1x2,away,,3.7
e86f09e7da760c554e1a7544c5f8a1b1,bet365,open,1x2,draw,,3.25
e86f09e7da760c554e1a7544c5f8a1b1,bet365,open,1x2,home,,2.1
e86f09e7da760c554e1a7544c5f8a1b1,bet365,open,asian_handicap,away,0.5,1.73
e86f09e7da760c554e1a7544c5f8a1b1,bet365,open,asian_handicap,home,-0.5,2.08
e86f09e7da760c554e1a7544c5f8a1b1,bet365,open,total_goals,over,2.5,2.1
e86f09e7da760c554e1a7544c5f8a1b1,bet365,open,total_goals,under,2.5,1.73
e86f09e7da760c554e1a7544c5f8a1b1,bet_and_win,open,1x2,away,,3.6
e86f09e7da760c554e1a7544c5f8a1b1,bet_and_win,open,1x2,draw,,3.3
e86f09e7da760c554e1a7544c5f8a1b1,bet_and_win,open,1x2,home,,2.1
e86f09e7da760c554e1a7544c5f8a1b1,betfair_exchange,open,1x2,away,,3.9
e86f09e7da760c554e1a7544c5f8a1b1,betfair_exchange,open,1x2,draw,,3.4
e86f09e7da760c554e1a7544c5f8a1b1,betfair_exchange,open,1x2,home,,2.22
e86f09e7da760c554e1a7544c5f8a1b1,betfair_exchange,open,asian_handicap,away,0.5,1.81
e86f09e7da760c554e1a7544c5f8a1b1,betfair_exchange,open,asian_handicap,home,-0.5,2.22
e86f09e7da760c554e1a7544c5f8a1b1,betfair_exchange,open,total_goals,over,2.5,2.16
e86f09e7da760c554e1a7544c5f8a1b1,betfair_exchange,open,total_goals,under,2.5,1.8
e86f09e7da760c554e1a7544c5f8a1b1,betfred,open,1x2,away,,3.6
e86f09e7da760c554e1a7544c5f8a1b1,betfred,open,1x2,draw,,3.4
e86f09e7da760c554e1a7544c5f8a1b1,betfred,open,1x2,home,,2.05
e86f09e7da760c554e1a7544c5f8a1b1,betvictor,open,1x2,away,,3.5
e86f09e7da760c554e1a7544c5f8a1b1,betvictor,open,1x2,draw,,3.3
e86f09e7da760c554e1a7544c5f8a1b1,betvictor,open,1x2,home,,2.05
e86f09e7da760c554e1a7544c5f8a1b1,market_avg,open,1x2,away,,3.57
e86f09e7da760c554e1a7544c5f8a1b1,market_avg,open,1x2,draw,,3.26
e86f09e7da760c554e1a7544c5f8a1b1,market_avg,open,1x2,home,,2.08
e86f09e7da760c554e1a7544c5f8a1b1,market_avg,open,asian_handicap,away,0.5,1.71
e86f09e7da760c554e1a7544c5f8a1b1,market_avg,open,asian_handicap,home,-0.5,2.04
e86f09e7da760c554e1a7544c5f8a1b1,market_avg,open,total_goals,over,2.5,2.06
e86f09e7da760c554e1a7544c5f8a1b1,market_avg,open,total_goals,under,2.5,1.71
e86f09e7da760c554e1a7544c5f8a1b1,market_max,open,1x2,away,,3.8
e86f09e7da760c554e1a7544c5f8a1b1,market_max,open,1x2,draw,,3.4
e86f09e7da760c554e1a7544c5f8a1b1,market_max,open,1x2,home,,2.12
e86f09e7da760c554e1a7544c5f8a1b1,market_max,open,asian_handicap,away,0.5,1.73
e86f09e7da760c554e1a7544c5f8a1b1,market_max,open,asian_handicap,home,-0.5,2.1
e86f09e7da760c554e1a7544c5f8a1b1,market_max,open,total_goals,over,2.5,2.1
e86f09e7da760c554e1a7544c5f8a1b1,market_max,open,total_goals,under,2.5,1.73
e86f09e7da760c554e1a7544c5f8a1b1,paddy_power,open,1x2,away,,3.5
e86f09e7da760c554e1a7544c5f8a1b1,paddy_power,open,1x2,draw,,3.2
e86f09e7da760c554e1a7544c5f8a1b1,paddy_power,open,1x2,home,,2.05
e86f09e7da760c554e1a7544c5f8a1b1,skybet,open,1x2,away,,3.5
e86f09e7da760c554e1a7544c5f8a1b1,skybet,open,1x2,draw,,3.2
e86f09e7da760c554e1a7544c5f8a1b1,skybet,open,1x2,home,,2.1
069416836da22e460cb0d16a74c8f7ec,bet365,open,1x2,away,,2.9
069416836da22e460cb0d16a74c8f7ec,bet365,open,1x2,draw,,3.1
069416836da22e460cb0d16a74c8f7ec,bet365,open,1x2,home,,2.6
069416836da22e460cb0d16a74c8f7ec,bet365,open,asian_handicap,away,0.0,2.05
069416836da22e460cb0d16a74c8f7ec,bet365,open,asian_handicap,home,0.0,1.8
069416836da22e460cb0d16a74c8f7ec,bet365,open,total_goals,over,2.5,2.3
069416836da22e460cb0d16a74c8f7ec,bet365,open,total_goals,under,2.5,1.62
069416836da22e460cb0d16a74c8f7ec,bet_and_win,open,1x2,away,,3.0
069416836da22e460cb0d16a74c8f7ec,bet_and_win,open,1x2,draw,,3.1
069416836da22e460cb0d16a74c8f7ec,bet_and_win,open,1x2,home,,2.45
069416836da22e460cb0d16a74c8f7ec,betfair_exchange,open,1x2,away,,3.15
069416836da22e460cb0d16a74c8f7ec,betfair_exchange,open,1x2,draw,,3.15
069416836da22e460cb0d16a74c8f7ec,betfair_exchange,open,1x2,home,,2.66
069416836da22e460cb0d16a74c8f7ec,betfair_exchange,open,asian_handicap,away,0.0,2.17
069416836da22e460cb0d16a74c8f7ec,betfair_exchange,open,asian_handicap,home,0.0,1.81
069416836da22e460cb0d16a74c8f7ec,betfair_exchange,open,total_goals,over,2.5,2.42
069416836da22e460cb0d16a74c8f7ec,betfair_exchange,open,total_goals,under,2.5,1.64
069416836da22e460cb0d16a74c8f7ec,betfred,open,1x2,away,,2.88
069416836da22e460cb0d16a74c8f7ec,betfred,open,1x2,draw,,3.2
069416836da22e460cb0d16a74c8f7ec,betfred,open,1x2,home,,2.5
069416836da22e460cb0d16a74c8f7ec,betvictor,open,1x2,away,,2.9
069416836da22e460cb0d16a74c8f7ec,betvictor,open,1x2,draw,,3.1
069416836da22e460cb0d16a74c8f7ec,betvictor,open,1x2,home,,2.45
069416836da22e460cb0d16a74c8f7ec,market_avg,open,1x2,away,,2.94
069416836da22e460cb0d16a74c8f7ec,market_avg,open,1x2,draw,,3.08
069416836da22e460cb0d16a74c8f7ec,market_avg,open,1x2,home,,2.49
069416836da22e460cb0d16a74c8f7ec,market_avg,open,asian_handicap,away,0.0,2.02
069416836da22e460cb0d16a74c8f7ec,market_avg,open,asian_handicap,home,0.0,1.73
069416836da22e460cb0d16a74c8f7ec,market_avg,open,total_goals,over,2.5,2.27
069416836da22e460cb0d16a74c8f7ec,market_avg,open,total_goals,under,2.5,1.59
069416836da22e460cb0d16a74c8f7ec,market_max,open,1x2,away,,3.0
069416836da22e460cb0d16a74c8f7ec,market_max,open,1x2,draw,,3.2
069416836da22e460cb0d16a74c8f7ec,market_max,open,1x2,home,,2.6
069416836da22e460cb0d16a74c8f7ec,market_max,open,asian_handicap,away,0.0,2.05
069416836da22e460cb0d16a74c8f7ec,market_max,open,asian_handicap,home,0.0,1.8
069416836da22e460cb0d16a74c8f7ec,market_max,open,total_goals,over,2.5,2.3
069416836da22e460cb0d16a74c8f7ec,market_max,open,total_goals,under,2.5,1.62
069416836da22e460cb0d16a74c8f7ec,paddy_power,open,1x2,away,,3.0
069416836da22e460cb0d16a74c8f7ec,paddy_power,open,1x2,draw,,3.0
069416836da22e460cb0d16a74c8f7ec,paddy_power,open,1x2,home,,2.5
069416836da22e460cb0d16a74c8f7ec,skybet,open,1x2,away,,3.0
069416836da22e460cb0d16a74c8f7ec,skybet,open,1x2,draw,,3.0
069416836da22e460cb0d16a74c8f7ec,skybet,open,1x2,home,,2.5
bf598ad842625bc692b2facab7fc8648,bet365,open,1x2,away,,3.5
bf598ad842625bc692b2facab7fc8648,bet365,open,1x2,draw,,3.1
bf598ad842625bc692b2facab7fc8648,bet365,open,1x2,home,,2.25
bf598ad842625bc692b2facab7fc8648,bet365,open,asian_handicap,away,0.25,1.93
bf598ad842625bc692b2facab7fc8648,bet365,open,asian_handicap,home,-0.25,1.93
bf598ad842625bc692b2facab7fc8648,bet365,open,total_goals,over,2.5,2.5
bf598ad842625bc692b2facab7fc8648,bet365,open,total_goals,under,2.5,1.53
bf598ad842625bc692b2facab7fc8648,bet_and_win,open,1x2,away,,3.4
bf598ad842625bc692b2facab7fc8648,bet_and_win,open,1x2,draw,,3.1
bf598ad842625bc692b2facab7fc8648,bet_and_win,open,1x2,home,,2.25
bf598ad842625bc692b2facab7fc8648,betfair_exchange,open,1x2,away,,3.8
bf598ad842625bc692b2facab7fc8648,betfair_exchange,open,1x2,draw,,3.1
bf598ad842625bc692b2facab7fc8648,betfair_exchange,open,1x2,home,,2.38
bf598ad842625bc692b2facab7fc8648,betfair_exchange,open,asian_handicap,away,0.25,1.98
bf598ad842625bc692b2facab7fc8648,betfair_exchange,open,asian_handicap,home,-0.25,1.99
bf598ad842625bc692b2facab7fc8648,betfair_exchange,open,total_goals,over,2.5,2.66
bf598ad842625bc692b2facab7fc8648,betfair_exchange,open,total_goals,under,2.5,1.58
bf598ad842625bc692b2facab7fc8648,betfred,open,1x2,away,,3.5
bf598ad842625bc692b2facab7fc8648,betfred,open,1x2,draw,,3.1
bf598ad842625bc692b2facab7fc8648,betfred,open,1x2,home,,2.25
bf598ad842625bc692b2facab7fc8648,betvictor,open,1x2,away,,3.3
bf598ad842625bc692b2facab7fc8648,betvictor,open,1x2,draw,,3.0
bf598ad842625bc692b2facab7fc8648,betvictor,open,1x2,home,,2.2
bf598ad842625bc692b2facab7fc8648,market_avg,open,1x2,away,,3.43
bf598ad842625bc692b2facab7fc8648,market_avg,open,1x2,draw,,3.04
bf598ad842625bc692b2facab7fc8648,market_avg,open,1x2,home,,2.23
bf598ad842625bc692b2facab7fc8648,market_avg,open,asian_handicap,away,0.25,1.87
bf598ad842625bc692b2facab7fc8648,market_avg,open,asian_handicap,home,-0.25,1.87
bf598ad842625bc692b2facab7fc8648,market_avg,open,total_goals,over,2.5,2.43
bf598ad842625bc692b2facab7fc8648,market_avg,open,total_goals,under,2.5,1.52
bf598ad842625bc692b2facab7fc8648,market_max,open,1x2,away,,3.55
bf598ad842625bc692b2facab7fc8648,market_max,open,1x2,draw,,3.1
bf598ad842625bc692b2facab7fc8648,market_max,open,1x2,home,,2.3
bf598ad842625bc692b2facab7fc8648,market_max,open,asian_handicap,away,0.25,1.93
bf598ad842625bc692b2facab7fc8648,market_max,open,asian_handicap,home,-0.25,1.93
bf598ad842625bc692b2facab7fc8648,market_max,open,total_goals,over,2.5,2.5
bf598ad842625bc692b2facab7fc8648,market_max,open,total_goals,under,2.5,1.53
bf598ad842625bc692b2facab7fc8648,paddy_power,open,1x2,away,,3.4
bf598ad842625bc692b2facab7fc8648,paddy_power,open,1x2,draw,,3.0
bf598ad842625bc692b2facab7fc8648,paddy_power,open,1x2,home,,2.2
bf598ad842625bc692b2facab7fc8648,skybet,open,1x2,away,,3.4
bf598ad842625bc692b2facab7fc8648,skybet,open,1x2,draw,,3.1
bf598ad842625bc692b2facab7fc8648,skybet,open,1x2,home,,2.2
8a23e878628f065ec5051fd81acf9d59,bet365,open,1x2,away,,3.4
8a23e878628f065ec5051fd81acf9d59,bet365,open,1x2,draw,,3.1
8a23e878628f065ec5051fd81acf9d59,bet365,open,1x2,home,,2.3
8a23e878628f065ec5051fd81acf9d59,bet365,open,asian_handicap,away,0.25,1.9
8a23e878628f065ec5051fd81acf9d59,bet365,open,asian_handicap,home,-0.25,1.95
8a23e878628f065ec5051fd81acf9d59,bet365,open,total_goals,over,2.5,2.38
8a23e878628f065ec5051fd81acf9d59,bet365,open,total_goals,under,2.5,1.57
8a23e878628f065ec5051fd81acf9d59,bet_and_win,open,1x2,away,,3.25
8a23e878628f065ec5051fd81acf9d59,bet_and_win,open,1x2,draw,,3.25
8a23e878628f065ec5051fd81acf9d59,bet_and_win,open,1x2,home,,2.25
8a23e878628f065ec5051fd81acf9d59,betfair_exchange,open,1x2,away,,3.6
8a23e878628f065ec5051fd81acf9d59,betfair_exchange,open,1x2,draw,,3.3
8a23e878628f065ec5051fd81acf9d59,betfair_exchange,open,1x2,home,,2.34
8a23e878628f065ec5051fd81acf9d59,betfair_exchange,open,asian_handicap,away,0.25,1.97
8a23e878628f065ec5051fd81acf9d59,betfair_exchange,open,asian_handicap,home,-0.25,2.0
8a23e878628f065ec5051fd81acf9d59,betfair_exchange,open,total_goals,over,2.5,2.46
8a23e878628f065ec5051fd81acf9d59,betfair_exchange,open,total_goals,under,2.5,1.66
8a23e878628f065ec5051fd81acf9d59,betfred,open,1x2,away,,3.2
8a23e878628f065ec5051fd81acf9d59,betfred,open,1x2,draw,,3.2
8a23e878628f065ec5051fd81acf9d59,betfred,open,1x2,home,,2.3
8a23e878628f065ec5051fd81acf9d59,betvictor,open,1x2,away,,3.25
8a23e878628f065ec5051fd81acf9d59,betvictor,open,1x2,draw,,3.0
8a23e878628f065ec5051fd81acf9d59,betvictor,open,1x2,home,,2.2
8a23e878628f065ec5051fd81acf9d59,market_avg,open,1x2,away,,3.31
8a23e878628f065ec5051fd81acf9d59,market_avg,open,1x2,draw,,3.12
8a23e878628f065ec5051fd81acf9d59,market_avg,open,1x2,home,,2.24
8a23e878628f065ec5051fd81acf9d59,market_avg,open,asian_handicap,away,0.25,1.85
8a23e878628f065ec5051fd81acf9d59,market_avg,open,asian_handicap,home,-0.25,1.9
8a23e878628f065ec5051fd81acf9d59,market_avg,open,total_goals,over,2.5,2.31
8a23e878628f065ec5051fd81acf9d59,market_avg,open,total_goals,under,2.5,1.56
8a23e878628f065ec5051fd81acf9d59,market_max,open,1x2,away,,3.45
8a23e878628f065ec5051fd81acf9d59,market_max,open,1x2,draw,,3.25
8a23e878628f065ec5051fd81acf9d59,market_max,open,1x2,home,,2.3
8a23e878628f065ec5051fd81acf9d59,market_max,open,asian_handicap,away,0.25,1.9
8a23e878628f065ec5051fd81acf9d59,market_max,open,asian_handicap,home,-0.25,1.95
8a23e878628f065ec5051fd81acf9d59,market_max,open,total_goals,over,2.5,2.38
8a23e878628f065ec5051fd81acf9d59,market_max,open,total_goals,under,2.5,1.6
8a23e878628f065ec5051fd81acf9d59,paddy_power,open,1x2,away,,3.4
8a23e878628f065ec5051fd81acf9d59,paddy_power,open,1x2,draw,,3.1
8a23e878628f065ec5051fd81acf9d59,paddy_power,open,1x2,home,,2.15
8a23e878628f065ec5051fd81acf9d59,skybet,open,1x2,away,,3.4
8a23e878628f065ec5051fd81acf9d59,skybet,open,1x2,draw,,3.1
8a23e878628f065ec5051fd81acf9d59,skybet,open,1x2,home,,2.2
889146c73dfc55d4f60573804327411f,bet365,open,1x2,away,,3.0
889146c73dfc55d4f60573804327411f,bet365,open,1x2,draw,,3.25
889146c73dfc55d4f60573804327411f,bet365,open,1x2,home,,2.38
889146c73dfc55d4f60573804327411f,bet365,open,asian_handicap,away,0.25,1.8
889146c73dfc55d4f60573804327411f,bet365,open,asian_handicap,home,-0.25,2.05
889146c73dfc55d4f60573804327411f,bet365,open,total_goals,over,2.5,1.98
889146c73dfc55d4f60573804327411f,bet365,open,total_goals,under,2.5,1.88
889146c73dfc55d4f60573804327411f,bet_and_win,open,1x2,away,,2.9
889146c73dfc55d4f60573804327411f,bet_and_win,open,1x2,draw,,3.25
889146c73dfc55d4f60573804327411f,bet_and_win,open,1x2,home,,2.45
889146c73dfc55d4f60573804327411f,betfair_exchange,open,1x2,away,,3.25
889146c73dfc55d4f60573804327411f,betfair_exchange,open,1x2,draw,,3.4
889146c73dfc55d4f60573804327411f,betfair_exchange,open,1x2,home,,2.46
889146c73dfc55d4f60573804327411f,betfair_exchange,open,asian_handicap,away,0.25,1.88
889146c73dfc55d4f60573804327411f,betfair_exchange,open,asian_handicap,home,-0.25,2.1
889146c73dfc55d4f60573804327411f,betfair_exchange,open,total_goals,over,2.5,1.99
889146c73dfc55d4f60573804327411f,betfair_exchange,open,total_goals,under,2.5,1.94
889146c73dfc55d4f60573804327411f,betfred,open,1x2,away,,2.88
889146c73dfc55d4f60573804327411f,betfred,open,1x2,draw,,3.3
889146c73dfc55d4f60573804327411f,betfred,open,1x2,home,,2.5
889146c73dfc55d4f60573804327411f,betvictor,open,1x2,away,,2.8
889146c73dfc55d4f60573804327411f,betvictor,open,1x2,draw,,3.25
889146c73dfc55d4f60573804327411f,betvictor,open,1x2,home,,2.3
889146c73dfc55d4f60573804327411f,market_avg,open,1x2,away,,2.91
889146c73dfc55d4f60573804327411f,market_avg,open,1x2,draw,,3.25
889146c73dfc55d4f60573804327411f,market_avg,open,1x2,home,,2.39
889146c73dfc55d4f60573804327411f,market_avg,open,asian_handicap,away,0.25,1.74
889146c73dfc55d4f60573804327411f,market_avg,open,asian_handicap,home,-0.25,2.02
889146c73dfc55d4f60573804327411f,market_avg,open,total_goals,over,2.5,1.91
889146c73dfc55d4f60573804327411f,market_avg,open,total_goals,under,2.5,1.83
889146c73dfc55d4f60573804327411f,market_max,open,1x2,away,,3.0
889146c73dfc55d4f60573804327411f,market_max,open,1x2,draw,,3.35
889146c73dfc55d4f60573804327411f,market_max,open,1x2,home,,2.56
889146c73dfc55d4f60573804327411f,market_max,open,asian_handicap,away,0.25,1.8
889146c73dfc55d4f60573804327411f,market_max,open,asian_handicap,home,-0.25,2.1
889146c73dfc55d4f60573804327411f,market_max,open,total_goals,over,2.5,1.98
889146c73dfc55d4f60573804327411f,market_max,open,total_goals,under,2.5,1.88
889146c73dfc55d4f60573804327411f,paddy_power,open,1x2,away,,3.0
889146c73dfc55d4f60573804327411f,paddy_power,open,1x2,draw,,3.2
889146c73dfc55d4f60573804327411f,paddy_power,open,1x2,home,,2.3
889146c73dfc55d4f60573804327411f,skybet,open,1x2,away,,3.0
889146c73dfc55d4f60573804327411f,skybet,open,1x2,draw,,3.2
889146c73dfc55d4f60573804327411f,skybet,open,1x2,home,,2.3
30cac7a6b9dec4ed494b840f7aa2b1be,bet365,open,1x2,away,,1.29
30cac7a6b9dec4ed494b840f7aa2b1be,bet365,open,1x2,draw,,5.75
30cac7a6b9dec4ed494b840f7aa2b1be,bet365,open,1x2,home,,10.0
30cac7a6b9dec4ed494b840f7aa2b1be,bet365,open,asian_handicap,away,-1.75,1.98
30cac7a6b9dec4ed494b840f7aa2b1be,bet365,open,asian_handicap,home,1.75,1.88
30cac7a6b9dec4ed494b840f7aa2b1be,bet365,open,total_goals,over,2.5,1.36
30cac7a6b9dec4ed494b840f7aa2b1be,bet365,open,total_goals,under,2.5,3.2
30cac7a6b9dec4ed494b840f7aa2b1be,bet_and_win,open,1x2,away,,1.31
30cac7a6b9dec4ed494b840f7aa2b1be,bet_and_win,open,1x2,draw,,5.75
30cac7a6b9dec4ed494b840f7aa2b1be,bet_and_win,open,1x2,home,,8.75
30cac7a6b9dec4ed494b840f7aa2b1be,betfair_exchange,open,1x2,away,,1.31
30cac7a6b9dec4ed494b840f7aa2b1be,betfair_exchange,open,1x2,draw,,6.6
30cac7a6b9dec4ed494b840f7aa2b1be,betfair_exchange,open,1x2,home,,11.5
30cac7a6b9dec4ed494b840f7aa2b1be,betfair_exchange,open,asian_handicap,away,-1.75,1.94
30cac7a6b9dec4ed494b840f7aa2b1be,betfair_exchange,open,asian_handicap,home,1.75,1.94
30cac7a6b9dec4ed494b840f7aa2b1be,betfair_exchange,open,total_goals,over,2.5,1.41
30cac7a6b9dec4ed494b840f7aa2b1be,betfair_exchange,open,total_goals,under,2.5,3.35
30cac7a6b9dec4ed494b840f7aa2b1be,betfred,open,1x2,away,,1.29
30cac7a6b9dec4ed494b840f7aa2b1be,betfred,open,1x2,draw,,6.0
30cac7a6b9dec4ed494b840f7aa2b1be,betfred,open,1x2,home,,9.0
30cac7a6b9dec4ed494b840f7aa2b1be,betvictor,open,1x2,away,,1.25
30cac7a6b9dec4ed494b840f7aa2b1be,betvictor,open,1x2,draw,,5.5
30cac7a6b9dec4ed494b840f7aa2b1be,betvictor,open,1x2,home,,9.0
30cac7a6b9dec4ed494b840f7aa2b1be,market_avg,open,1x2,away,,1.27
30cac7a6b9dec4ed494b840f7aa2b1be,market_avg,open,1x2,draw,,5.81
30cac7a6b9dec4ed494b840f7aa2b1be,market_avg,open,1x2,home,,9.13
30cac7a6b9dec4ed494b840f7aa2b1be,market_avg,open,asian_handicap,away,-1.75,1.91
30cac7a6b9dec4ed494b840f7aa2b1be,market_avg,open,asian_handicap,home,1.75,1.84
30cac7a6b9dec4ed494b840f7aa2b1be,market_avg,open,total_goals,over,2.5,1.36
30cac7a6b9dec4ed494b840f7aa2b1be,market_avg,open,total_goals,under,2.5,3.03
30cac7a6b9dec4ed494b840f7aa2b1be,market_max,open,1x2,away,,1.31
30cac7a6b9dec4ed494b840f7aa2b1be,market_max,open,1x2,draw,,6.5
30cac7a6b9dec4ed494b840f7aa2b1be,market_max,open,1x2,home,,11.0
30cac7a6b9dec4ed494b840f7aa2b1be,market_max,open,asian_handicap,away,-1.75,1.98
30cac7a6b9dec4ed494b840f7aa2b1be,market_max,open,asian_handicap,home,1.75,1.88
30cac7a6b9dec4ed494b840f7aa2b1be,market_max,open,total_goals,over,2.5,1.38
30cac7a6b9dec4ed494b840f7aa2b1be,market_max,open,total_goals,under,2.5,3.2
30cac7a6b9dec4ed494b840f7aa2b1be,paddy_power,open,1x2,away,,1.25
30cac7a6b9dec4ed494b840f7aa2b1be,paddy_power,open,1x2,draw,,5.5
30cac7a6b9dec4ed494b840f7aa2b1be,paddy_power,open,1x2,home,,9.5
30cac7a6b9dec4ed494b840f7aa2b1be,skybet,open,1x2,away,,1.25
30cac7a6b9dec4ed494b840f7aa2b1be,skybet,open,1x2,draw,,5.75
30cac7a6b9dec4ed494b840f7aa2b1be,skybet,open,1x2,home,,9.5
a369e79a43423c084f8a00671eb495b6,bet365,open,1x2,away,,4.33
a369e79a43423c084f8a00671eb495b6,bet365,open,1x2,draw,,3.1
a369e79a43423c084f8a00671eb495b6,bet365,open,1x2,home,,2.0
a369e79a43423c084f8a00671eb495b6,bet365,open,asian_handicap,away,0.5,1.85
a369e79a43423c084f8a00671eb495b6,bet365,open,asian_handicap,home,-0.5,2.0
a369e79a43423c084f8a00671eb495b6,bet365,open,total_goals,over,2.5,2.38
a369e79a43423c084f8a00671eb495b6,bet365,open,total_goals,under,2.5,1.57
a369e79a43423c084f8a00671eb495b6,bet_and_win,open,1x2,away,,4.0
a369e79a43423c084f8a00671eb495b6,bet_and_win,open,1x2,draw,,3.25
a369e79a43423c084f8a00671eb495b6,bet_and_win,open,1x2,home,,1.98
a369e79a43423c084f8a00671eb495b6,betfair_exchange,open,1x2,away,,4.4
a369e79a43423c084f8a00671eb495b6,betfair_exchange,open,1x2,draw,,3.35
a369e79a43423c084f8a00671eb495b6,betfair_exchange,open,1x2,home,,2.08
a369e79a43423c084f8a00671eb495b6,betfair_exchange,open,asian_handicap,away,0.5,1.92
a369e79a43423c084f8a00671eb495b6,betfair_exchange,open,asian_handicap,home,-0.5,2.08
a369e79a43423c084f8a00671eb495b6,betfair_exchange,open,total_goals,over,2.5,2.32
a369e79a43423c084f8a00671eb495b6,betfair_exchange,open,total_goals,under,2.5,1.64
a369e79a43423c084f8a00671eb495b6,betfred,open,1x2,away,,3.75
a369e79a43423c084f8a00671eb495b6,betfred,open,1x2,draw,,3.25
a369e79a43423c084f8a00671eb495b6,betfred,open,1x2,home,,2.05
a369e79a43423c084f8a00671eb495b6,betvictor,open,1x2,away,,3.9
a369e79a43423c084f8a00671eb495b6,betvictor,open,1x2,draw,,3.13
a369e79a43423c084f8a00671eb495b6,betvictor,open,1x2,home,,2.0
a369e79a43423c084f8a00671eb495b6,market_avg,open,1x2,away,,3.99
a369e79a43423c084f8a00671eb495b6,market_avg,open,1x2,draw,,3.15
a369e79a43423c084f8a00671eb495b6,market_avg,open,1x2,home,,2.0
a369e79a43423c084f8a00671eb495b6,market_avg,open,asian_handicap,away,0.5,1.78
a369e79a43423c084f8a00671eb495b6,market_avg,open,asian_handicap,home,-0.5,1.94
a369e79a43423c084f8a00671eb495b6,market_avg,open,total_goals,over,2.5,2.39
a369e79a43423c084f8a00671eb495b6,market_avg,open,total_goals,under,2.5,1.54
a369e79a43423c084f8a00671eb495b6,market_max,open,1x2,away,,4.33
a369e79a43423c084f8a00671eb495b6,market_max,open,1x2,draw,,3.25
a369e79a43423c084f8a00671eb495b6,market_max,open,1x2,home,,2.05
a369e79a43423c084f8a00671eb495b6,market_max,open,asian_handicap,away,0.5,1.85
a369e79a43423c084f8a00671eb495b6,market_max,open,asian_handicap,home,-0.5,2.0
a369e79a43423c084f8a00671eb495b6,market_max,open,total_goals,over,2.5,2.45
a369e79a43423c084f8a00671eb495b6,market_max,open,total_goals,under,2.5,1.57
a369e79a43423c084f8a00671eb495b6,paddy_power,open,1x2,away,,4.0
a369e79a43423c084f8a00671eb495b6,paddy_power,open,1x2,draw,,3.1
a369e79a43423c084f8a00671eb495b6,paddy_power,open,1x2,home,,1.95
a369e79a43423c084f8a00671eb495b6,skybet,open,1x2,away,,4.0
a369e79a43423c084f8a00671eb495b6,skybet,open,1x2,draw,,3.1
a369e79a43423c084f8a00671eb495b6,skybet,open,1x2,home,,2.0
06a9054637b14c7106defb2ed6590021,bet365,open,1x2,away,,2.55
06a9054637b14c7106defb2ed6590021,bet365,open,1x2,draw,,3.1
06a9054637b14c7106defb2ed6590021,bet365,open,1x2,home,,2.9
06a9054637b14c7106defb2ed6590021,bet365,open,asian_handicap,away,0.0,1.8
06a9054637b14c7106defb2ed6590021,bet365,open,asian_handicap,home,0.0,2.05
06a9054637b14c7106defb2ed6590021,bet365,open,total_goals,over,2.5,2.3
06a9054637b14c7106defb2ed6590021,bet365,open,total_goals,under,2.5,1.62
06a9054637b14c7106defb2ed6590021,bet_and_win,open,1x2,away,,2.5
06a9054637b14c7106defb2ed6590021,bet_and_win,open,1x2,draw,,3.25
06a9054637b14c7106defb2ed6590021,bet_and_win,open,1x2,home,,2.87
06a9054637b14c7106defb2ed6590021,betfair_exchange,open,1x2,away,,2.72
06a9054637b14c7106defb2ed6590021,betfair_exchange,open,1x2,draw,,3.2
06a9054637b14c7106defb2ed6590021,betfair_exchange,open,1x2,home,,3.05
06a9054637b14c7106defb2ed6590021,betfair_exchange,open,asian_handicap,away,0.0,1.87
06a9054637b14c7106defb2ed6590021,betfair_exchange,open,asian_handicap,home,0.0,2.09
06a9054637b14c7106defb2ed6590021,betfair_exchange,open,total_goals,over,2.5,2.42
06a9054637b14c7106defb2ed6590021,betfair_exchange,open,total_goals,under,2.5,1.65
06a9054637b14c7106defb2ed6590021,betfred,open,1x2,away,,2.6
06a9054637b14c7106defb2ed6590021,betfred,open,1x2,draw,,3.25
06a9054637b14c7106defb2ed6590021,betfred,open,1x2,home,,2.8
06a9054637b14c7106defb2ed6590021,betvictor,open,1x2,away,,2.5
06a9054637b14c7106defb2ed6590021,betvictor,open,1x2,draw,,3.1
06a9054637b14c7106defb2ed6590021,betvictor,open,1x2,home,,2.88
06a9054637b14c7106defb2ed6590021,market_avg,open,1x2,away,,2.54
06a9054637b14c7106defb2ed6590021,market_avg,open,1x2,draw,,3.12
06a9054637b14c7106defb2ed6590021,market_avg,open,1x2,home,,2.86
06a9054637b14c7106defb2ed6590021,market_avg,open,asian_handicap,away,0.0,1.76
06a9054637b14c7106defb2ed6590021,market_avg,open,asian_handicap,home,0.0,1.98
06a9054637b14c7106defb2ed6590021,market_avg,open,total_goals,over,2.5,2.26
06a9054637b14c7106defb2ed6590021,market_avg,open,total_goals,under,2.5,1.59
06a9054637b14c7106defb2ed6590021,market_max,open,1x2,away,,2.66
06a9054637b14c7106defb2ed6590021,market_max,open,1x2,draw,,3.25
06a9054637b14c7106defb2ed6590021,market_max,open,1x2,home,,2.9
06a9054637b14c7106defb2ed6590021,market_max,open,asian_handicap,away,0.0,1.8
06a9054637b14c7106defb2ed6590021,market_max,open,asian_handicap,home,0.0,2.05
06a9054637b14c7106defb2ed6590021,market_max,open,total_goals,over,2.5,2.3
06a9054637b14c7106defb2ed6590021,market_max,open,total_goals,under,2.5,1.62
06a9054637b14c7106defb2ed6590021,paddy_power,open,1x2,away,,2.6
06a9054637b14c7106defb2ed6590021,paddy_power,open,1x2,draw,,3.0
06a9054637b14c7106defb2ed6590021,paddy_power,open,1x2,home,,2.88
06a9054637b14c7106defb2ed6590021,skybet,open,1x2,away,,2.6
06a9054637b14c7106defb2ed6590021,skybet,open,1x2,draw,,3.0
06a9054637b14c7106defb2ed6590021,skybet,open,1x2,home,,2.88
924c2ff819dd8620db8a651cef6d0a77,bet365,open,1x2,away,,2.38
924c2ff819dd8620db8a651cef6d0a77,bet365,open,1x2,draw,,3.25
924c2ff819dd8620db8a651cef6d0a77,bet365,open,1x2,home,,3.1
924c2ff819dd8620db8a651cef6d0a77,bet365,open,asian_handicap,away,-0.25,2.05
924c2ff819dd8620db8a651cef6d0a77,bet365,open,asian_handicap,home,0.25,1.8
924c2ff819dd8620db8a651cef6d0a77,bet365,open,total_goals,over,2.5,1.8
924c2ff819dd8620db8a651cef6d0a77,bet365,open,total_goals,under,2.5,2.0
924c2ff819dd8620db8a651cef6d0a77,bet_and_win,open,1x2,away,,2.37
924c2ff819dd8620db8a651cef6d0a77,bet_and_win,open,1x2,draw,,3.5
924c2ff819dd8620db8a651cef6d0a77,bet_and_win,open,1x2,home,,2.85
924c2ff819dd8620db8a651cef6d0a77,betfair_exchange,open,1x2,away,,2.5
924c2ff819dd8620db8a651cef6d0a77,betfair_exchange,open,1x2,draw,,3.5
924c2ff819dd8620db8a651cef6d0a77,betfair_exchange,open,1x2,home,,3.05
924c2ff819dd8620db8a651cef6d0a77,betfair_exchange,open,asian_handicap,away,-0.25,2.14
924c2ff819dd8620db8a651cef6d0a77,betfair_exchange,open,asian_handicap,home,0.25,1.84
924c2ff819dd8620db8a651cef6d0a77,betfair_exchange,open,total_goals,over,2.5,1.82
924c2ff819dd8620db8a651cef6d0a77,betfair_exchange,open,total_goals,under,2.5,2.14
924c2ff819dd8620db8a651cef6d0a77,betfred,open,1x2,away,,2.38
924c2ff819dd8620db8a651cef6d0a77,betfred,open,1x2,draw,,3.6
924c2ff819dd8620db8a651cef6d0a77,betfred,open,1x2,home,,2.8
924c2ff819dd8620db8a651cef6d0a77,betvictor,open,1x2,away,,2.3
924c2ff819dd8620db8a651cef6d0a77,betvictor,open,1x2,draw,,3.4
924c2ff819dd8620db8a651cef6d0a77,betvictor,open,1x2,home,,2.75
924c2ff819dd8620db8a651cef6d0a77,market_avg,open,1x2,away,,2.35
924c2ff819dd8620db8a651cef6d0a77,market_avg,open,1x2,draw,,3.42
924c2ff819dd8620db8a651cef6d0a77,market_avg,open,1x2,home,,2.86
924c2ff819dd8620db8a651cef6d0a77,market_avg,open,asian_handicap,away,-0.25,2.0
924c2ff819dd8620db8a651cef6d0a77,market_avg,open,asian_handicap,home,0.25,1.75
924c2ff819dd8620db8a651cef6d0a77,market_avg,open,total_goals,over,2.5,1.77
924c2ff819dd8620db8a651cef6d0a77,market_avg,open,total_goals,under,2.5,1.97
924c2ff819dd8620db8a651cef6d0a77,market_max,open,1x2,away,,2.38
924c2ff819dd8620db8a651cef6d0a77,market_max,open,1x2,draw,,3.6
924c2ff819dd8620db8a651cef6d0a77,market_max,open,1x2,home,,3.1
924c2ff819dd8620db8a651cef6d0a77,market_max,open,asian_handicap,away,-0.25,2.05
924c2ff819dd8620db8a651cef6d0a77,market_max,open,asian_handicap,home,0.25,1.8
924c2ff819dd8620db8a651cef6d0a77,market_max,open,total_goals,over,2.5,1.8
924c2ff819dd8620db8a651cef6d0a77,market_max,open,total_goals,under,2.5,2.0
924c2ff819dd8620db8a651cef6d0a77,paddy_power,open,1x2,away,,2.38
924c2ff819dd8620db8a651cef6d0a77,paddy_power,open,1x2,draw,,3.3
924c2ff819dd8620db8a651cef6d0a77,paddy_power,open,1x2,home,,2.88
924c2ff819dd8620db8a651cef6d0a77,skybet,open,1x2,away,,2.38
924c2ff819dd8620db8a651cef6d0a77,skybet,open,1x2,draw,,3.25
924c2ff819dd8620db8a651cef6d0a77,skybet,open,1x2,home,,2.88
de1f5629e2c8141fab570fb916d6ccba,bet365,open,1x2,away,,3.4
de1f5629e2c8141fab570fb916d6ccba,bet365,open,1x2,draw,,2.9
de1f5629e2c8141fab570fb916d6ccba,bet365,open,1x2,home,,2.4
de1f5629e2c8141fab570fb916d6ccba,bet365,open,asian_handicap,away,0.25,1.83
de1f5629e2c8141fab570fb916d6ccba,bet365,open,asian_handicap,home,-0.25,2.03
de1f5629e2c8141fab570fb916d6ccba,bet365,open,total_goals,over,2.5,3.0
de1f5629e2c8141fab570fb916d6ccba,bet365,open,total_goals,under,2.5,1.4
de1f5629e2c8141fab570fb916d6ccba,bet_and_win,open,1x2,away,,3.3
de1f5629e2c8141fab570fb916d6ccba,bet_and_win,open,1x2,draw,,2.85
de1f5629e2c8141fab570fb916d6ccba,bet_and_win,open,1x2,home,,2.45
de1f5629e2c8141fab570fb916d6ccba,betfair_exchange,open,1x2,away,,3.65
de1f5629e2c8141fab570fb916d6ccba,betfair_exchange,open,1x2,draw,,2.98
de1f5629e2c8141fab570fb916d6ccba,betfair_exchange,open,1x2,home,,2.52
de1f5629e2c8141fab570fb916d6ccba,betfair_exchange,open,asian_handicap,away,0.25,1.89
de1f5629e2c8141fab570fb916d6ccba,betfair_exchange,open,asian_handicap,home,-0.25,2.1
de1f5629e2c8141fab570fb916d6ccba,betfair_exchange,open,total_goals,over,2.5,3.1
de1f5629e2c8141fab570fb916d6ccba,betfair_exchange,open,total_goals,under,2.5,1.44
de1f5629e2c8141fab570fb916d6ccba,betfred,open,1x2,away,,3.0
de1f5629e2c8141fab570fb916d6ccba,betfred,open,1x2,draw,,3.0
de1f5629e2c8141fab570fb916d6ccba,betfred,open,1x2,home,,2.6
de1f5629e2c8141fab570fb916d6ccba,betvictor,open,1x2,away,,3.25
de1f5629e2c8141fab570fb916d6ccba,betvictor,open,1x2,draw,,2.8
de1f5629e2c8141fab570fb916d6ccba,betvictor,open,1x2,home,,2.3
de1f5629e2c8141fab570fb916d6ccba,market_avg,open,1x2,away,,3.28
de1f5629e2c8141fab570fb916d6ccba,market_avg,open,1x2,draw,,2.86
de1f5629e2c8141fab570fb916d6ccba,market_avg,open,1x2,home,,2.4
de1f5629e2c8141fab570fb916d6ccba,market_avg,open,asian_handicap,away,0.25,1.78
de1f5629e2c8141fab570fb916d6ccba,market_avg,open,asian_handicap,home,-0.25,1.96
de1f5629e2c8141fab570fb916d6ccba,market_avg,open,total_goals,over,2.5,2.83
de1f5629e2c8141fab570fb916d6ccba,market_avg,open,total_goals,under,2.5,1.39
de1f5629e2c8141fab570fb916d6ccba,market_max,open,1x2,away,,3.4
de1f5629e2c8141fab570fb916d6ccba,market_max,open,1x2,draw,,3.0
de1f5629e2c8141fab570fb916d6ccba,market_max,open,1x2,home,,2.6
de1f5629e2c8141fab570fb916d6ccba,market_max,open,asian_handicap,away,0.25,1.83
de1f5629e2c8141fab570fb916d6ccba,market_max,open,asian_handicap,home,-0.25,2.03
de1f5629e2c8141fab570fb916d6ccba,market_max,open,total_goals,over,2.5,3.0
de1f5629e2c8141fab570fb916d6ccba,market_max,open,total_goals,under,2.5,1.45
de1f5629e2c8141fab570fb916d6ccba,paddy_power,open,1x2,away,,3.3
de1f5629e2c8141fab570fb916d6ccba,paddy_power,open,1x2,draw,,2.8
de1f5629e2c8141fab570fb916d6ccba,paddy_power,open,1x2,home,,2.3
de1f5629e2c8141fab570fb916d6ccba,skybet,open,1x2,away,,3.3
de1f5629e2c8141fab570fb916d6ccba,skybet,open,1x2,draw,,2.8
de1f5629e2c8141fab570fb916d6ccba,skybet,open,1x2,home,,2.38
